post_id,text,post_text,shared_text,original_text,time,timestamp,image,image_lowquality,images,images_description,images_lowquality,images_lowquality_description,video,video_duration_seconds,video_height,video_id,video_quality,video_size_MB,video_thumbnail,video_watches,video_width,likes,comments,shares,post_url,link,links,user_id,username,user_url,is_live,factcheck,shared_post_id,shared_time,shared_user_id,shared_username,shared_post_url,available,comments_full,reactors,w3_fb_url,reactions,reaction_count,with,page_id,sharers,image_id,image_ids,was_live
927271952402715,Ck iu vk nhìu lắm ❤,Ck iu vk nhìu lắm ❤,,,2023-11-17 14:34:13,1700206453,,https://scontent.fhan14-3.fna.fbcdn.net/v/t15.5256-10/403271059_6430939960515430_130457134928693951_n.jpg?stp=cp0_dst-jpg_e15_fr_q65&_nc_cat=1&ccb=1-7&_nc_sid=f3b36a&efg=eyJpIjoidCJ9&_nc_ohc=bMdPpRC61W0AX8Hlf3E&_nc_ht=scontent.fhan14-3.fna&oh=00_AfC_BRSunCPHwGiMyjAmoK9IdwaEeoTRyFnAe-h-jqaVFQ&oe=655CAAD3,[],[],['https://scontent.fhan14-3.fna.fbcdn.net/v/t15.5256-10/403271059_6430939960515430_130457134928693951_n.jpg?stp=cp0_dst-jpg_e15_fr_q65&_nc_cat=1&ccb=1-7&_nc_sid=f3b36a&efg=eyJpIjoidCJ9&_nc_ohc=bMdPpRC61W0AX8Hlf3E&_nc_ht=scontent.fhan14-3.fna&oh=00_AfC_BRSunCPHwGiMyjAmoK9IdwaEeoTRyFnAe-h-jqaVFQ&oe=655CAAD3'],[None],https://scontent.fhan14-3.fna.fbcdn.net/v/t42.1790-2/402049083_1258943464770294_6911786686334310913_n.mp4?_nc_cat=110&ccb=1-7&_nc_sid=55d0d3&efg=eyJ2ZW5jb2RlX3RhZyI6InN2ZV9zZCJ9&_nc_ohc=n7TP7d6uy9kAX9FQaxE&_nc_rml=0&_nc_ht=scontent.fhan14-3.fna&oh=00_AfDF5tqL172CCd4q9BuS-20jZduJiv48g9E-c0CHMoG14w&oe=655D1F94,,,313483928159115,,,https://scontent.fhan14-3.fna.fbcdn.net/v/t15.5256-10/403271059_6430939960515430_130457134928693951_n.jpg?stp=cp0_dst-jpg_e15_fr_q65&_nc_cat=1&ccb=1-7&_nc_sid=f3b36a&efg=eyJpIjoidCJ9&_nc_ohc=bMdPpRC61W0AX8Hlf3E&_nc_ht=scontent.fhan14-3.fna&oh=00_AfC_BRSunCPHwGiMyjAmoK9IdwaEeoTRyFnAe-h-jqaVFQ&oe=655CAAD3,,,0,0,0,https://facebook.com/TUITENBO1996/posts/927271952402715,,"[{'link': '/story.php?story_fbid=pfbid02hc3UKAwpYY5nUtHMy5my1C7BGdQh8Bk1QSBsq9xjpF1NZc9s886o8jq7C1e4pxf1l&id=100053597555231&eav=AfbwH_3rPdi8G5zqEdIr4hlkKa7gJatMnKWIWZoPJ92y7cHMyNI9DL3wd5X463JmO9o&m_entstream_source=timeline&refid=17&_ft_=encrypted_tracking_data.0AY9sVinj78zCcxACpNC4HKKg_tsT3BfCvVrNPEXfDQJky-h9BAEhOFaL1OqJlDgxX_-7RuyLg4fszawykimJKBxkfsD2qvq1NkF9LXCpbNaWJwNLeS0-3VPgZqPb5Ims8CX7JLyD0JS_GL1GjlKHxwI16zOrrfYTTj_T1SR0eE7MbTrxtj423-alzRmSextDsLd3ZQTjdyZGEYXZMHE3LaBHnlh-BN9fRdf44nhnybQpu1pYJDKyLXx8Nz25Nu1LvmUBVgnRBMRH3UpHdg4LwJVCnZM1nxAZ8VLLwP0u7Upm3AW9CBxd4LS0oIQq_z18zJnyPgb6-KK0tf3-b3yNyE-fI0o6ybrs6MJXaAHahiB2uaQ_2p0cBSRZ6meOacgS9TjGDN-h4jCJiWA7feqd-PjL9WbOaFF01_9dsC9s249qSjA8JG3s5VbFLKHByIW5Diu5Uo6nNWNoxsOAiMuJDaUrxqcHPGRVcP8v8U6kwt5XwEg_bUGKBXtOK-MeToVNkuZ15mWshnAuhB20Rkh8Fnh_22pfesVBDuBoV21ss17vEl37etHtmBuymSjJ1ZrjhHvfPK_3DWzLX1D_uf2k31PfUK0-mH94ODC-aPUOmKI83vcyqQTwW5Zeo1_QQRfJRTGhKsUSYHBy8Ysa26Pck6imv3ZsUcck52c8CHw_aXr3MAQMqW9U9S9jeWFMw6TI1D7DDZZPrSdBG0_uOonjHmUs1BExHOH5JHaBQ1yztJVQfLBhCs_d7u7FYYZZXM1_iGfdaIM0OhnMA44pD855ND1a7nexmMzBAReY6QNyt6ebgup0M-5UUhPilEi9P58yNNv59CdG6YTusyW6WfPTq2Bh2QDPdAA2I-rij03mi4le1o2dQaa7f3vtEuKPcUppGIDhDUaRnXFcBfg7Dr3GrNbO2naizJP7_Op19oV1g4Zu3l6KQkuztLVF5shECf41rHEsOaJpM2prJcPHMULp6if9ZbAou5Jn7PYqPK8CtQWwsI5-V27MINuGVRrQEzxFS9dvnSJL1TEjInySPb_sHEqFVnnwZq28SzD7S07wj2jS9H_43UM6KudetWjKftLeT_ySw5t1WUXmu8D56YH2bNneLkbv8yQMhJJJjZv4sHQ030ABwbu6OYhvo_3yJDZOc2-DHZ3SB6Wv_q7slGSLlXp7S01Ig8v0d0_LbzIIFtnAouM19dR7DeDpWcXN562riV9HvGRI2UUyUJpzkvENmh1aCuyVWlvDyn5tCxg2EmbVFBHx_aHxaFzRIYfR2Rb9tZuM9ibDAoaIv9kBjD6pK2LSMJA0sYBYQ487-p3ujSG5QQHuEIGgTsVu7LAx-FoyeFCuKo4pXlOwJdXeVcF0WO2_mIcRNjDEHqt3VyBtcfJpMjL1cxJ6f0c0mSncLdUakjrSG_U7AE4uJIAgD-tIRSE3Ukn5ssz_8_Vg5iJc5zeQCSha2_UskbDXmGeJCmYZAGfs66Gv0EvF&__tn__=%2As%2As-R&paipv=0', 'text': ''}]",100053597555231,TUI TÊN BÔ,https://facebook.com/TUITENBO1996?lst=61552988835975%3A100053597555231%3A1700216721&eav=AfaM4IHNWjv_js8gY40KLEcnJSAUaF-krzEJxQRglPNF8acGHoF67MlUik1W6JOaD40&refid=17&_ft_=encrypted_tracking_data.0AY9sVinj78zCcxACpNC4HKKg_tsT3BfCvVrNPEXfDQJky-h9BAEhOFaL1OqJlDgxX_-7RuyLg4fszawykimJKBxkfsD2qvq1NkF9LXCpbNaWJwNLeS0-3VPgZqPb5Ims8CX7JLyD0JS_GL1GjlKHxwI16zOrrfYTTj_T1SR0eE7MbTrxtj423-alzRmSextDsLd3ZQTjdyZGEYXZMHE3LaBHnlh-BN9fRdf44nhnybQpu1pYJDKyLXx8Nz25Nu1LvmUBVgnRBMRH3UpHdg4LwJVCnZM1nxAZ8VLLwP0u7Upm3AW9CBxd4LS0oIQq_z18zJnyPgb6-KK0tf3-b3yNyE-fI0o6ybrs6MJXaAHahiB2uaQ_2p0cBSRZ6meOacgS9TjGDN-h4jCJiWA7feqd-PjL9WbOaFF01_9dsC9s249qSjA8JG3s5VbFLKHByIW5Diu5Uo6nNWNoxsOAiMuJDaUrxqcHPGRVcP8v8U6kwt5XwEg_bUGKBXtOK-MeToVNkuZ15mWshnAuhB20Rkh8Fnh_22pfesVBDuBoV21ss17vEl37etHtmBuymSjJ1ZrjhHvfPK_3DWzLX1D_uf2k31PfUK0-mH94ODC-aPUOmKI83vcyqQTwW5Zeo1_QQRfJRTGhKsUSYHBy8Ysa26Pck6imv3ZsUcck52c8CHw_aXr3MAQMqW9U9S9jeWFMw6TI1D7DDZZPrSdBG0_uOonjHmUs1BExHOH5JHaBQ1yztJVQfLBhCs_d7u7FYYZZXM1_iGfdaIM0OhnMA44pD855ND1a7nexmMzBAReY6QNyt6ebgup0M-5UUhPilEi9P58yNNv59CdG6YTusyW6WfPTq2Bh2QDPdAA2I-rij03mi4le1o2dQaa7f3vtEuKPcUppGIDhDUaRnXFcBfg7Dr3GrNbO2naizJP7_Op19oV1g4Zu3l6KQkuztLVF5shECf41rHEsOaJpM2prJcPHMULp6if9ZbAou5Jn7PYqPK8CtQWwsI5-V27MINuGVRrQEzxFS9dvnSJL1TEjInySPb_sHEqFVnnwZq28SzD7S07wj2jS9H_43UM6KudetWjKftLeT_ySw5t1WUXmu8D56YH2bNneLkbv8yQMhJJJjZv4sHQ030ABwbu6OYhvo_3yJDZOc2-DHZ3SB6Wv_q7slGSLlXp7S01Ig8v0d0_LbzIIFtnAouM19dR7DeDpWcXN562riV9HvGRI2UUyUJpzkvENmh1aCuyVWlvDyn5tCxg2EmbVFBHx_aHxaFzRIYfR2Rb9tZuM9ibDAoaIv9kBjD6pK2LSMJA0sYBYQ487-p3ujSG5QQHuEIGgTsVu7LAx-FoyeFCuKo4pXlOwJdXeVcF0WO2_mIcRNjDEHqt3VyBtcfJpMjL1cxJ6f0c0mSncLdUakjrSG_U7AE4uJIAgD-tIRSE3Ukn5ssz_8_Vg5iJc5zeQCSha2_UskbDXmGeJCmYZAGfs66Gv0EvF&__tn__=C-R&paipv=0,False,,,,,,,True,[],,,,0,,109094984201127,,,[],False
926197265843517,Kìn chá nà kìn chá nà ô,Kìn chá nà kìn chá nà ô,,,2023-11-15 10:27:44,1700018864,,https://scontent.fhan14-2.fna.fbcdn.net/v/t15.5256-10/400378392_6823538181095544_2447305565616457739_n.jpg?stp=cp0_dst-jpg_e15_q65_s480x480&_nc_cat=100&ccb=1-7&_nc_sid=f3b36a&efg=eyJpIjoidCJ9&_nc_ohc=SzK15Dgnd9YAX-ngV42&_nc_ht=scontent.fhan14-2.fna&oh=00_AfAaoXdgxjiL2l5SkelQsN3pNnLJ1-NSNGyOGC5-KeN7EA&oe=655CF93B,[],[],['https://scontent.fhan14-2.fna.fbcdn.net/v/t15.5256-10/400378392_6823538181095544_2447305565616457739_n.jpg?stp=cp0_dst-jpg_e15_q65_s480x480&_nc_cat=100&ccb=1-7&_nc_sid=f3b36a&efg=eyJpIjoidCJ9&_nc_ohc=SzK15Dgnd9YAX-ngV42&_nc_ht=scontent.fhan14-2.fna&oh=00_AfAaoXdgxjiL2l5SkelQsN3pNnLJ1-NSNGyOGC5-KeN7EA&oe=655CF93B'],[None],https://scontent.fhan14-4.fna.fbcdn.net/v/t42.1790-2/401986563_315657607973794_223768296444827496_n.mp4?_nc_cat=109&ccb=1-7&_nc_sid=55d0d3&efg=eyJ2ZW5jb2RlX3RhZyI6InN2ZV9zZCJ9&_nc_ohc=6pWSoQDm8KkAX_-Z99f&_nc_rml=0&_nc_ht=scontent.fhan14-4.fna&oh=00_AfB8amv6b1oPd5jVM-gKMttpTx3lRyfl102QcdzvegtD-w&oe=655C9E48,,,2305651679825279,,,https://scontent.fhan14-2.fna.fbcdn.net/v/t15.5256-10/400378392_6823538181095544_2447305565616457739_n.jpg?stp=cp0_dst-jpg_e15_q65_s480x480&_nc_cat=100&ccb=1-7&_nc_sid=f3b36a&efg=eyJpIjoidCJ9&_nc_ohc=SzK15Dgnd9YAX-ngV42&_nc_ht=scontent.fhan14-2.fna&oh=00_AfAaoXdgxjiL2l5SkelQsN3pNnLJ1-NSNGyOGC5-KeN7EA&oe=655CF93B,,,0,0,0,https://facebook.com/TUITENBO1996/posts/926197265843517,,"[{'link': '/story.php?story_fbid=pfbid06R8HNAzrSua6CX6hJLio5Psj9eNez8xVDyJaBJ4kiFbQe5W2rDtRJiYQX3AapXQyl&id=100053597555231&eav=Afa1D-_I-iI5lq_pap72A9khPqfugR5owP2ViyC4RuaoAnt54xuRvtjuJGuAQ3TB_so&m_entstream_source=timeline&refid=17&_ft_=encrypted_tracking_data.0AY95VdrU_71ujZC4_Xj5bC2nr0YZWdVPCamGBP5cX3rkeafcYycNQMq0WxCctlWd_DKQKPaMhas02C72DpgNOV9LKHLwcs97E8VkwNuboLwZ5hZMhkuFCZqKc_oqDxoIkuYS98U1TICHXDIiPgYBqs7ONCBO4WuIqiKdVf1nhrg7qtCl-8OJfo0333MBqEliAbEKesFmXXYhj138UDFUfT8Pe4FTw3rTiHFy-G7O63PgYpOTCwyNz80E-_Y-JwJgeNm5YxZS5d2kKoxU1B5zxIqCQS5-Y_XendlcJYcnsbCzur2DvKy4Pcg8_Zy-Plj2cISh0rinXxephvpCmpQtJJx4rAMcOMLq1YsvDAhrXF6UU5Bj9FroMUqp9f1Pll8Um5VS9rv_fEpkp98vtjFg-sjnaQPEINLV7Ln4EGTeGwMUBL91zvU0tUGAjmrEf5q4JjXtSn14Q-GAAKmdAkLNEkTpKpNuJbZPZ7eQR9k3ACxe3I_tE6UkjiyRvna80mUqXkjJKZ7gsYXUrTcDDMKSQrqYo-TrMStwQv0ky1wSUxB5PKVtaLhOB5G7NxUU3_JJflmV7TQ-Pe3NRbDqkQr3CEkxykk46UFz9-Vl_Puk-Mdg5yZCtp7_6Yxf_GjDzA-BouT23e2hsDc_XbZrWwv2_FBvlRMDtjiXcuhlqW00Fcc6F7FM89f6wA9Seds0wmIXdZFhF00i6J0JLF_z6y1vbeiXjh4q7OFx4QAEe86HhVellN4OnmBgDcjVbMrKMt7Yswgr2AmZPDINklg4K8YQjY9lhv2vvTgDeVofSzK-4Q05Aod0YcJEbKjP73yNLtxyQGAv3r7C6RqcJvZ2UTiGWjaYiBdFHzpw3oXDec19jc-OGbPVNV62WSSfVxoCpFt8vKGN6dddAyy0pYyZ2aNxp191mSGXH0usVQZqBVqmpNEtqD6DFBjdxIxkOZNb5KjJlVOIthITn3fOCf9ILb2t9LKr81BIZPLwCiDx0oOWfaJ3y1nhVQiv31-t1pAVUkwQQfubLh5CLCORlGRXHtmHoQyBuJRr-gIFPBia8UGRL4lc9mu2LzUKupaihCDoTIXQ-rwlF8J1LoxTqVkxIKMY7Mw9tX8TO66AlO2SY3Po8CZA8q3KW6nAcqDFUNfMzJ93BLFmr05GYELtopqgxw_d_OfXU3gIBOb3h8p_aMnomOQOuL38X3R5zeYBMpzEYBFcu763cxGtGcJGbEhYOMfEDufsG9kfP4XN65i-lNQJwJhDcnMo1_W06mkzMWLwFSkwkOBPF7lCL83Bky-PY4GBfsY58MNr8BH_KIihYPhCy_HS_FgsZy2bV-ZB5oFOnIKn3mxUhFv4Z-eQQ-OPBTF09DVDZotWQ1uKQKd294Wq-fCif8LHJUdjQzil5OaA2wBzM5zTRikbazBAhgkcZZqCfDzvLO5HQGqwC-6ikuEa8HsAq6_KVMk-EgnLiL35NcsKQGjW0-MjPz-N&__tn__=%2As%2As-R&paipv=0', 'text': ''}]",100053597555231,TUI TÊN BÔ,https://facebook.com/TUITENBO1996?lst=61552988835975%3A100053597555231%3A1700216721&eav=AfaM4IHNWjv_js8gY40KLEcnJSAUaF-krzEJxQRglPNF8acGHoF67MlUik1W6JOaD40&refid=17&_ft_=encrypted_tracking_data.0AY95VdrU_71ujZC4_Xj5bC2nr0YZWdVPCamGBP5cX3rkeafcYycNQMq0WxCctlWd_DKQKPaMhas02C72DpgNOV9LKHLwcs97E8VkwNuboLwZ5hZMhkuFCZqKc_oqDxoIkuYS98U1TICHXDIiPgYBqs7ONCBO4WuIqiKdVf1nhrg7qtCl-8OJfo0333MBqEliAbEKesFmXXYhj138UDFUfT8Pe4FTw3rTiHFy-G7O63PgYpOTCwyNz80E-_Y-JwJgeNm5YxZS5d2kKoxU1B5zxIqCQS5-Y_XendlcJYcnsbCzur2DvKy4Pcg8_Zy-Plj2cISh0rinXxephvpCmpQtJJx4rAMcOMLq1YsvDAhrXF6UU5Bj9FroMUqp9f1Pll8Um5VS9rv_fEpkp98vtjFg-sjnaQPEINLV7Ln4EGTeGwMUBL91zvU0tUGAjmrEf5q4JjXtSn14Q-GAAKmdAkLNEkTpKpNuJbZPZ7eQR9k3ACxe3I_tE6UkjiyRvna80mUqXkjJKZ7gsYXUrTcDDMKSQrqYo-TrMStwQv0ky1wSUxB5PKVtaLhOB5G7NxUU3_JJflmV7TQ-Pe3NRbDqkQr3CEkxykk46UFz9-Vl_Puk-Mdg5yZCtp7_6Yxf_GjDzA-BouT23e2hsDc_XbZrWwv2_FBvlRMDtjiXcuhlqW00Fcc6F7FM89f6wA9Seds0wmIXdZFhF00i6J0JLF_z6y1vbeiXjh4q7OFx4QAEe86HhVellN4OnmBgDcjVbMrKMt7Yswgr2AmZPDINklg4K8YQjY9lhv2vvTgDeVofSzK-4Q05Aod0YcJEbKjP73yNLtxyQGAv3r7C6RqcJvZ2UTiGWjaYiBdFHzpw3oXDec19jc-OGbPVNV62WSSfVxoCpFt8vKGN6dddAyy0pYyZ2aNxp191mSGXH0usVQZqBVqmpNEtqD6DFBjdxIxkOZNb5KjJlVOIthITn3fOCf9ILb2t9LKr81BIZPLwCiDx0oOWfaJ3y1nhVQiv31-t1pAVUkwQQfubLh5CLCORlGRXHtmHoQyBuJRr-gIFPBia8UGRL4lc9mu2LzUKupaihCDoTIXQ-rwlF8J1LoxTqVkxIKMY7Mw9tX8TO66AlO2SY3Po8CZA8q3KW6nAcqDFUNfMzJ93BLFmr05GYELtopqgxw_d_OfXU3gIBOb3h8p_aMnomOQOuL38X3R5zeYBMpzEYBFcu763cxGtGcJGbEhYOMfEDufsG9kfP4XN65i-lNQJwJhDcnMo1_W06mkzMWLwFSkwkOBPF7lCL83Bky-PY4GBfsY58MNr8BH_KIihYPhCy_HS_FgsZy2bV-ZB5oFOnIKn3mxUhFv4Z-eQQ-OPBTF09DVDZotWQ1uKQKd294Wq-fCif8LHJUdjQzil5OaA2wBzM5zTRikbazBAhgkcZZqCfDzvLO5HQGqwC-6ikuEa8HsAq6_KVMk-EgnLiL35NcsKQGjW0-MjPz-N&__tn__=C-R&paipv=0,False,,,,,,,True,[],,,,0,,109094984201127,,,[],False
925784352551475,Không hề Báo,Không hề Báo,,,2023-11-14 14:12:55,1699945975,,https://scontent.fhan14-2.fna.fbcdn.net/v/t15.5256-10/368403940_2640005019639606_5121380862764435283_n.jpg?stp=cp0_dst-jpg_e15_p480x480_q65&_nc_cat=106&ccb=1-7&_nc_sid=f3b36a&efg=eyJpIjoidCJ9&_nc_ohc=4rtckE4gGxAAX9Zb2CJ&_nc_ht=scontent.fhan14-2.fna&oh=00_AfB0-o9sda5YNin9DJuT03oOuKF6aDPHBDYhetS23rJG4A&oe=655BA888,[],[],['https://scontent.fhan14-2.fna.fbcdn.net/v/t15.5256-10/368403940_2640005019639606_5121380862764435283_n.jpg?stp=cp0_dst-jpg_e15_p480x480_q65&_nc_cat=106&ccb=1-7&_nc_sid=f3b36a&efg=eyJpIjoidCJ9&_nc_ohc=4rtckE4gGxAAX9Zb2CJ&_nc_ht=scontent.fhan14-2.fna&oh=00_AfB0-o9sda5YNin9DJuT03oOuKF6aDPHBDYhetS23rJG4A&oe=655BA888'],[None],https://scontent.fhan14-4.fna.fbcdn.net/v/t42.1790-2/402097759_725489682760881_5739006194615849912_n.mp4?_nc_cat=102&ccb=1-7&_nc_sid=55d0d3&efg=eyJ2ZW5jb2RlX3RhZyI6InN2ZV9zZCJ9&_nc_ohc=9qx4k3ikVDsAX9_Q9ZX&_nc_rml=0&_nc_ht=scontent.fhan14-4.fna&oh=00_AfCLg-Ets96f1cpFgSV0SwApaCY7SabKlGrucGcec6vs8w&oe=655C140F,,,164387120092806,,,https://scontent.fhan14-2.fna.fbcdn.net/v/t15.5256-10/368403940_2640005019639606_5121380862764435283_n.jpg?stp=cp0_dst-jpg_e15_p480x480_q65&_nc_cat=106&ccb=1-7&_nc_sid=f3b36a&efg=eyJpIjoidCJ9&_nc_ohc=4rtckE4gGxAAX9Zb2CJ&_nc_ht=scontent.fhan14-2.fna&oh=00_AfB0-o9sda5YNin9DJuT03oOuKF6aDPHBDYhetS23rJG4A&oe=655BA888,,,0,0,0,https://facebook.com/TUITENBO1996/posts/925784352551475,,"[{'link': '/story.php?story_fbid=pfbid0sjNowaT2b2KcoLWPUnrtEsPuC2coL8hQGKS5mCWfh2J9jsr532vVk3i79fV2anR4l&id=100053597555231&eav=AfbVwVqagKMIj0-NO_fppKnfzuBhQPo8N290vrRwSN7lU9iVkBTUBaUsjfDfDIjInmk&m_entstream_source=timeline&refid=17&_ft_=encrypted_tracking_data.0AY_UKJSVzDAMRfnQPiUMZlU8UVPSxnyoBcJ5oOT16xx2HHuwFznYU9YE20qEnikBDD8KKbYJwZRhp5z9YEtXreLSpbT7CDaiYFR43U_0NhcQeRxLKvy5UOoSMx1uhhBelGIZC8YDBH4bgTz0MBuY_YglLru-7uIbBrQReebRllq64q7uIVbF3rIKMBgQj0bb5u1uVkHtxS9bXsRObPqGWNDkFbX4JxGYMz-JfaLy3owVZuQoXL9MBY2JoXi3FjwaXQgkspDBPOr5H89k2-i6YK1khWZJjZLJWxA7J21LPvjOB0KaGF4Kq4_60Aeh-uiEMCYx-2YppQj6_TM8SNpuVt7YISpznEO0hAMHQ6rD4Vo-BNF9bnM_i7PVfVoHWPCcRlAbOg0yGSdyVonN0qWKlWEs_e4qTqB8oIwdW2wwqeXWGRbNtNn62riZWZ5qq-Zhjve1H5_VQ8KANtGNaBoZI43Y1ZXKEf68jDsRAIFvrYRtwT2IoKSddie98KMpk2ncs4RxLB7n0qSoh3QTOnaiZ-pRzj1kDiwGDHVH3I52i8Nx5sQI3rVkSVsCmubNSAHlgPxD4vVyMndi4y7wqg7fEgxmWIUmxQQWpcNMNH59pos7pOSFF5PO0HVpOSqjLOG30Dx4D9sRJVqkTEuGjhKBdXZCeLdFv-UzaUlXnORytzviaz4sw_0sCUZFVKNtOpqhkSKdhOF3mpG9AsXiLZVH3wBMEjfB48Tmgx0GlqBSnRh-kv9042ehsdqSSbSg_sdk0EYrmBceBZVFjoAG1q10DExU6HwvU80HgjyvgLGs62JkyJyoMuowgOAdIIhHCp6InBRBusBXdtUCN8m2MkSWtd_0TkW-FyOSaTw0GqDfQ4YQjeehMQFJq4QfW4ncafTvYM6YLi5Rqhe_FDufU5xMc1e3Wyjce4oDidJkVc4REgehwhv7qckRZfAxIUwmCXgp7WL8VpPECnd8NamVVy0X5duJqWmiPp21cSCBcAEOi_7JuYi6AmN85AvGV1sNMbqgpc7RJb9LYkU2UMJ35JgDaW6doY1uHLgTteldfhmBpU8YqEu3-Kz8r84EFOEE7A9UytyTi3B1Nks8XjXLIFLO7XgLtavwweYsvH4GaRfRzB3i4b3ToeatvADHe9SRQg-vcT1-3gJl2PrPcb9YLEeswCgUuE9H_dHsR5t61ULeiHu4-BsV07vw_W-B82UuiLBayv_HZsHV2ztxhaEqmwUzEcd7KCpQewKcGUoRq_YmyxOJeJz_WMTH6K4dfNfRgXf2qDjxBr_pnry9wTBVlY08_Wk63R_q_VfEtF1r894X_lued3WSKpYUFWMoivaGnxT_TDM9gk4-egzU89d1psuQuYgU5Sa64OuGTzKrOQA5ZCNk18WLpnmS5X8SLd1IoRDsJ643Qybg2kbggInzLinf1VJgS-A4PbEM2GozJ2m9F0jgujTjwK4p9GYtJwb6oZg4khd5aPpHsoXd&__tn__=%2As%2As-R&paipv=0', 'text': ''}]",100053597555231,TUI TÊN BÔ,https://facebook.com/TUITENBO1996?lst=61552988835975%3A100053597555231%3A1700216721&eav=AfaM4IHNWjv_js8gY40KLEcnJSAUaF-krzEJxQRglPNF8acGHoF67MlUik1W6JOaD40&refid=17&_ft_=encrypted_tracking_data.0AY_UKJSVzDAMRfnQPiUMZlU8UVPSxnyoBcJ5oOT16xx2HHuwFznYU9YE20qEnikBDD8KKbYJwZRhp5z9YEtXreLSpbT7CDaiYFR43U_0NhcQeRxLKvy5UOoSMx1uhhBelGIZC8YDBH4bgTz0MBuY_YglLru-7uIbBrQReebRllq64q7uIVbF3rIKMBgQj0bb5u1uVkHtxS9bXsRObPqGWNDkFbX4JxGYMz-JfaLy3owVZuQoXL9MBY2JoXi3FjwaXQgkspDBPOr5H89k2-i6YK1khWZJjZLJWxA7J21LPvjOB0KaGF4Kq4_60Aeh-uiEMCYx-2YppQj6_TM8SNpuVt7YISpznEO0hAMHQ6rD4Vo-BNF9bnM_i7PVfVoHWPCcRlAbOg0yGSdyVonN0qWKlWEs_e4qTqB8oIwdW2wwqeXWGRbNtNn62riZWZ5qq-Zhjve1H5_VQ8KANtGNaBoZI43Y1ZXKEf68jDsRAIFvrYRtwT2IoKSddie98KMpk2ncs4RxLB7n0qSoh3QTOnaiZ-pRzj1kDiwGDHVH3I52i8Nx5sQI3rVkSVsCmubNSAHlgPxD4vVyMndi4y7wqg7fEgxmWIUmxQQWpcNMNH59pos7pOSFF5PO0HVpOSqjLOG30Dx4D9sRJVqkTEuGjhKBdXZCeLdFv-UzaUlXnORytzviaz4sw_0sCUZFVKNtOpqhkSKdhOF3mpG9AsXiLZVH3wBMEjfB48Tmgx0GlqBSnRh-kv9042ehsdqSSbSg_sdk0EYrmBceBZVFjoAG1q10DExU6HwvU80HgjyvgLGs62JkyJyoMuowgOAdIIhHCp6InBRBusBXdtUCN8m2MkSWtd_0TkW-FyOSaTw0GqDfQ4YQjeehMQFJq4QfW4ncafTvYM6YLi5Rqhe_FDufU5xMc1e3Wyjce4oDidJkVc4REgehwhv7qckRZfAxIUwmCXgp7WL8VpPECnd8NamVVy0X5duJqWmiPp21cSCBcAEOi_7JuYi6AmN85AvGV1sNMbqgpc7RJb9LYkU2UMJ35JgDaW6doY1uHLgTteldfhmBpU8YqEu3-Kz8r84EFOEE7A9UytyTi3B1Nks8XjXLIFLO7XgLtavwweYsvH4GaRfRzB3i4b3ToeatvADHe9SRQg-vcT1-3gJl2PrPcb9YLEeswCgUuE9H_dHsR5t61ULeiHu4-BsV07vw_W-B82UuiLBayv_HZsHV2ztxhaEqmwUzEcd7KCpQewKcGUoRq_YmyxOJeJz_WMTH6K4dfNfRgXf2qDjxBr_pnry9wTBVlY08_Wk63R_q_VfEtF1r894X_lued3WSKpYUFWMoivaGnxT_TDM9gk4-egzU89d1psuQuYgU5Sa64OuGTzKrOQA5ZCNk18WLpnmS5X8SLd1IoRDsJ643Qybg2kbggInzLinf1VJgS-A4PbEM2GozJ2m9F0jgujTjwK4p9GYtJwb6oZg4khd5aPpHsoXd&__tn__=C-R&paipv=0,False,,,,,,,True,[],,,,0,,109094984201127,,,[],False
925333139263263,Không ngờ gặp phải thằng liều,Không ngờ gặp phải thằng liều,,,2023-11-13 15:59:31,1699865971,,https://scontent.fhan14-4.fna.fbcdn.net/v/t15.5256-10/396793070_928293958891075_7209261169740558409_n.jpg?stp=cp0_dst-jpg_e15_q65_s480x480&_nc_cat=102&ccb=1-7&_nc_sid=f3b36a&efg=eyJpIjoidCJ9&_nc_ohc=YIzeqAtpF10AX-GYjDP&_nc_ht=scontent.fhan14-4.fna&oh=00_AfCgZ4Yx_q7bJKhpM0RteYj4_vXL8LE9aL3XaamBrCR1eA&oe=655BB836,[],[],['https://scontent.fhan14-4.fna.fbcdn.net/v/t15.5256-10/396793070_928293958891075_7209261169740558409_n.jpg?stp=cp0_dst-jpg_e15_q65_s480x480&_nc_cat=102&ccb=1-7&_nc_sid=f3b36a&efg=eyJpIjoidCJ9&_nc_ohc=YIzeqAtpF10AX-GYjDP&_nc_ht=scontent.fhan14-4.fna&oh=00_AfCgZ4Yx_q7bJKhpM0RteYj4_vXL8LE9aL3XaamBrCR1eA&oe=655BB836'],[None],https://scontent.fhan14-1.fna.fbcdn.net/v/t42.1790-2/401813160_308106305365383_1893090099231951327_n.mp4?_nc_cat=107&ccb=1-7&_nc_sid=55d0d3&efg=eyJ2ZW5jb2RlX3RhZyI6InN2ZV9zZCJ9&_nc_ohc=nYnONbpckvQAX-LVQP1&_nc_rml=0&_nc_ht=scontent.fhan14-1.fna&oh=00_AfCobThp5LOeKiecLH5NPiJa8jFl6OrF9yJ_9ornBua33w&oe=655BD33A,,,1345764909647593,,,https://scontent.fhan14-4.fna.fbcdn.net/v/t15.5256-10/396793070_928293958891075_7209261169740558409_n.jpg?stp=cp0_dst-jpg_e15_q65_s480x480&_nc_cat=102&ccb=1-7&_nc_sid=f3b36a&efg=eyJpIjoidCJ9&_nc_ohc=YIzeqAtpF10AX-GYjDP&_nc_ht=scontent.fhan14-4.fna&oh=00_AfCgZ4Yx_q7bJKhpM0RteYj4_vXL8LE9aL3XaamBrCR1eA&oe=655BB836,,,0,0,0,https://facebook.com/TUITENBO1996/posts/925333139263263,,"[{'link': '/story.php?story_fbid=pfbid04pBsAU5YZnt9PqkNtS5rWFvP1koppSGFdqeDMTdvv9diELU8Vndv2ynvNzx7m9cQl&id=100053597555231&eav=AfYTXXrMOYWSqCqKZrJ6bqYkhl9MLsbD5cPjwlV87LKmZ13tI-_ItZWvD7O_LWV3ckk&m_entstream_source=timeline&refid=17&_ft_=encrypted_tracking_data.0AY_ez31D5yer12Cv2la5vX_nieX31EotjiyA_7B8vXUip3tRUXtGTSTtc6tWDwE7KQy5ZLYecADhyV-NhWFXvPyQ4TkOQ5zjEMJxtUEqLMxZ8xpj4mqpTpl291ELLlyzr4aM1MgFCq8YBB5a_Ap2oyTNRRWccqyI9ozWw57rgtexzdbgYF5mRhgE_gwK4Znft04tuvRqy6tOtI65Qx0-rJdgifPS2Qlia6dm-B43Q6DsE62lGoyp-NT-yXQdWMHI0H9MbEkOTJTyzNaaPUW8AFPMy3hXBJtpqdtBBEDky57ej-3r1X1RZeAv9qS12bbqHNRPFitjgieNBOe8Mq96Esc0WrxWpps33J5HpX5OEGzM0H-h215m6X05gG12PBJGNtZ9O2yyJz7BxEBnVLpbpEe3LOeFOW7rhbL9xXLKoKaSuE0Ge1V-NeqQWoozuf9yNhp2Enwr2YcTRLBtsbCJ3u9STW5FXI89NZWkZgPHd38q3BnKVfjG0lBfkY557GRJ0PhxP_zF4yG1TWw0muLb6x0Yvl4uP_rpQVikHsLfGoy_M7IBNBeuVRGY6IMUti-_P1hMT0pHD1l4isSM2jlC6jAAXAvOuPijo85qc62vku-yUtQLbBTLnYV2_4NEcUmSURHBKS6r8aL1kxPQx6W_-9je5xFwx5QkQolYkJVWNNNIEJ6RZ_dSJy4zYiDWDTKLp1eIkxf0WCJ1LN__rsQCUctq4Gfa2oE2DBM83PM0RY0Eu2Dm6IRHvD3Gae69FeWJlEhdAt1WoWH-TKZLr7ACc-yczZI24La0td5Z9w1rI2AdXar3dLom1NbQTutS-t0FHR8G-U0Ew_3f26UKe93_p-YpdqhtyKpAVHOBhX0dzNF1RuIGSQAMWmtrxC-XtBzcJuXVf75kIWN6bC9hK8ipYvJvjO_3jTvrywA9KQI5zggfVxa3pqhfhrjuw-v70pfpPPxALvCWbi-5KEjkZ0fm2MZkmQu2DsnPsnzdLRlCRCSRnZNNlaRZYzqUHS4IZSRVBbotn6xXa8RFRJQ9Z-bG4Pi9wrvqjxFKRAASqiQIQUzWQQIqHWFk_N477eekZcNvRlvRT24d_dRopAakhgYWdSjxd6X2fOflVeSHZHmfG4-Fh2bLUKFKoWxPi60juWf8tWZiGNWNVPHeGbmpEjCcIAkrit-bkb1LcBVH0acQhjOILo13EAEFscZCtLvLFYYvzr2qU7s-hYolEDcQLz4tAxfj_gR4nHo_wdig1766EkfMHJn6HsZN4Uk3PLQcEMaVYn_q52ate98VPKjxtz1vt-MUhvfmKEIRlHKKtvuyrn7foJJFQOileEsSmw9aZOsCIVgCUsp5PCpB6g_eyXiA5BAUqIRezp_pp95g-FlMvbRhge_VtBmSqAfX0WCmQ8R8Re3VD0WAkYDza_KX1JaxLkEsv-qtrlb0oe8MXnnwZPdup8NkHFAsppUzcx20CpdNAMC1kCEr8lWjLA&__tn__=%2As%2As-R&paipv=0', 'text': ''}]",100053597555231,TUI TÊN BÔ,https://facebook.com/TUITENBO1996?lst=61552988835975%3A100053597555231%3A1700216721&eav=AfaM4IHNWjv_js8gY40KLEcnJSAUaF-krzEJxQRglPNF8acGHoF67MlUik1W6JOaD40&refid=17&_ft_=encrypted_tracking_data.0AY_ez31D5yer12Cv2la5vX_nieX31EotjiyA_7B8vXUip3tRUXtGTSTtc6tWDwE7KQy5ZLYecADhyV-NhWFXvPyQ4TkOQ5zjEMJxtUEqLMxZ8xpj4mqpTpl291ELLlyzr4aM1MgFCq8YBB5a_Ap2oyTNRRWccqyI9ozWw57rgtexzdbgYF5mRhgE_gwK4Znft04tuvRqy6tOtI65Qx0-rJdgifPS2Qlia6dm-B43Q6DsE62lGoyp-NT-yXQdWMHI0H9MbEkOTJTyzNaaPUW8AFPMy3hXBJtpqdtBBEDky57ej-3r1X1RZeAv9qS12bbqHNRPFitjgieNBOe8Mq96Esc0WrxWpps33J5HpX5OEGzM0H-h215m6X05gG12PBJGNtZ9O2yyJz7BxEBnVLpbpEe3LOeFOW7rhbL9xXLKoKaSuE0Ge1V-NeqQWoozuf9yNhp2Enwr2YcTRLBtsbCJ3u9STW5FXI89NZWkZgPHd38q3BnKVfjG0lBfkY557GRJ0PhxP_zF4yG1TWw0muLb6x0Yvl4uP_rpQVikHsLfGoy_M7IBNBeuVRGY6IMUti-_P1hMT0pHD1l4isSM2jlC6jAAXAvOuPijo85qc62vku-yUtQLbBTLnYV2_4NEcUmSURHBKS6r8aL1kxPQx6W_-9je5xFwx5QkQolYkJVWNNNIEJ6RZ_dSJy4zYiDWDTKLp1eIkxf0WCJ1LN__rsQCUctq4Gfa2oE2DBM83PM0RY0Eu2Dm6IRHvD3Gae69FeWJlEhdAt1WoWH-TKZLr7ACc-yczZI24La0td5Z9w1rI2AdXar3dLom1NbQTutS-t0FHR8G-U0Ew_3f26UKe93_p-YpdqhtyKpAVHOBhX0dzNF1RuIGSQAMWmtrxC-XtBzcJuXVf75kIWN6bC9hK8ipYvJvjO_3jTvrywA9KQI5zggfVxa3pqhfhrjuw-v70pfpPPxALvCWbi-5KEjkZ0fm2MZkmQu2DsnPsnzdLRlCRCSRnZNNlaRZYzqUHS4IZSRVBbotn6xXa8RFRJQ9Z-bG4Pi9wrvqjxFKRAASqiQIQUzWQQIqHWFk_N477eekZcNvRlvRT24d_dRopAakhgYWdSjxd6X2fOflVeSHZHmfG4-Fh2bLUKFKoWxPi60juWf8tWZiGNWNVPHeGbmpEjCcIAkrit-bkb1LcBVH0acQhjOILo13EAEFscZCtLvLFYYvzr2qU7s-hYolEDcQLz4tAxfj_gR4nHo_wdig1766EkfMHJn6HsZN4Uk3PLQcEMaVYn_q52ate98VPKjxtz1vt-MUhvfmKEIRlHKKtvuyrn7foJJFQOileEsSmw9aZOsCIVgCUsp5PCpB6g_eyXiA5BAUqIRezp_pp95g-FlMvbRhge_VtBmSqAfX0WCmQ8R8Re3VD0WAkYDza_KX1JaxLkEsv-qtrlb0oe8MXnnwZPdup8NkHFAsppUzcx20CpdNAMC1kCEr8lWjLA&__tn__=C-R&paipv=0,False,,,,,,,True,[],,,,0,,109094984201127,,,[],False
923305489466028,Trân Mập và 3 đứa con ❤,Trân Mập và 3 đứa con ❤,,,2023-11-09 18:07:57,1699528077,https://scontent.fhan14-4.fna.fbcdn.net/v/t39.30808-6/400422194_923305376132706_7112738798890095382_n.jpg?stp=cp0_dst-jpg_e15_fr_q65&_nc_cat=102&ccb=1-7&_nc_sid=5f2048&efg=eyJpIjoidCJ9&_nc_ohc=ViOaC5UuIEkAX8rkg7Z&_nc_ht=scontent.fhan14-4.fna&oh=00_AfCOFF_3HRS8_p9aIpj1-4nBJjeoe_dpKv4BN6xwiDr_kg&oe=655C8414&manual_redirect=1,https://scontent.fhan14-4.fna.fbcdn.net/v/t39.30808-6/400422194_923305376132706_7112738798890095382_n.jpg?stp=cp0_dst-jpg_e15_q65_s403x403&_nc_cat=102&ccb=1-7&_nc_sid=5f2048&efg=eyJpIjoidCJ9&_nc_ohc=ViOaC5UuIEkAX8rkg7Z&_nc_ht=scontent.fhan14-4.fna&oh=00_AfAHKbi5euFYXzalxeAfkn1PJZ8m5Moj-2qtEhG-Aptniw&oe=655C8414,['https://scontent.fhan14-4.fna.fbcdn.net/v/t39.30808-6/400422194_923305376132706_7112738798890095382_n.jpg?stp=cp0_dst-jpg_e15_fr_q65&_nc_cat=102&ccb=1-7&_nc_sid=5f2048&efg=eyJpIjoidCJ9&_nc_ohc=ViOaC5UuIEkAX8rkg7Z&_nc_ht=scontent.fhan14-4.fna&oh=00_AfCOFF_3HRS8_p9aIpj1-4nBJjeoe_dpKv4BN6xwiDr_kg&oe=655C8414&manual_redirect=1'],['Có thể là hình ảnh về 3 người và văn bản'],['https://scontent.fhan14-4.fna.fbcdn.net/v/t39.30808-6/400422194_923305376132706_7112738798890095382_n.jpg?stp=cp0_dst-jpg_e15_q65_s403x403&_nc_cat=102&ccb=1-7&_nc_sid=5f2048&efg=eyJpIjoidCJ9&_nc_ohc=ViOaC5UuIEkAX8rkg7Z&_nc_ht=scontent.fhan14-4.fna&oh=00_AfAHKbi5euFYXzalxeAfkn1PJZ8m5Moj-2qtEhG-Aptniw&oe=655C8414'],['Có thể là hình ảnh về 3 người và văn bản'],,,,,,,,,,0,0,0,https://facebook.com/TUITENBO1996/posts/923305489466028,,"[{'link': '/story.php?story_fbid=pfbid0eaDU2s5jTubHHpAcNVs7vPAGFRs7NSSNYUmqs8gooy7x8BY8VS8AFHG3gKJCvsU4l&id=100053597555231&eav=AfYk0smBhDYdditCKHtxwZYop-mG52MomsKfDU1oHm_LPAEZ0hOrNgparmCqUH9BRYM&m_entstream_source=timeline&refid=17&_ft_=encrypted_tracking_data.0AY8_y3Xw-YoUMtRADM_HyXHnP8I5QrxfcawmdbicORG6aOLeL3PggbSAd6tFwoxNctjtcAfH6_1ihqw4YL46SZJsg1DkzT4QG6tlEBfuGecHTNu9OUorbnlMnRHv9EHITys_o1djB0WKUmJ59IE1wp-Zoy7BPfGJU0URcdSouGJ18rFMh6KdSw-hRaQTiZL2k6p-XrseAcUObY2XCCdwn4nWI1iw2xAGDucStRW1qwQoatH0j7X_kuEa9TsZdIqTCGPloEuQlwdBah8_ECUUGTZ3VQ5yqQcmBoE_QpRMvUUhC0nEKZjpTBUB7BR-gC_-q3Lj3B8iO1GLx8oeRoo7t6EHSA_iFUjsq5KOXyR2Avl2iw6Bln77JhLI_vFXXMNgP9qLkxlQ6hHsr4Z1IcPpP3PxT92Rp1IjMjB8QDQSttKZSQcCDaqdYDxpNNJ6itjUj-2v9beHaI2Ib9Eg8EyuweDPoxTmSIs9pV6J9DgHWRbXsWJTXoLtDKYjl3-n-tlGn4ibfsCCV6mN1QhcS3id8gAZDD2SBRO36JZl3gmcAaPlqgRSQA-pThRWdKAX2gvXZ3ibWL-SnDm5PMAVRHPEdRncgz6K7ROXz8EeQjgO2TEHkx5DRNf3xrp15Ta_mNXQX7oREQH_TksA3e9K5cImS34I0CJb9EYRNfYBBVCYC49DW7Gp-eIu6P6vQmSNqAocCQEyMLgl6wcoMEYJNJjBmTduxSKsZJx6iod6FJPxLb7AxxY90KIZ022ui6J4IKWQw-Ckmd8cqmlMqFb48JAtB47bGEScls-7RwxM2izxG1sAV1m3N1P0gtrQhiZ7z3PemiBaV7V93ufsRVUDi_Lu7OMrIgbGrWM4gjaaaff-ytmF02LNK5o6_8TqVHWQcazpg7ou8uIHt77-eTnqPKYJd14YeB7c1UDA_KV8PIUVr9i2GOvtWx54iKd-AjDlMcN52zMs00nPQA7QAMFxcrOFD7yUniSry5SZAKpZuyfsEyObgLrbrJBAOmtUws-T6QGI5WUYnBb-U79CrzUdtFRoWAPrem6t0ZaziXPpUHW1Qq7clLBIuuz2eNsulXnrdAbDWCNZKB3UQr6YpNbjGUT23cL8dqsrZrqADl7oLopPXu9KMpoOXu6oKyihnsReLabUH-0z9xEHXgl7NW7uczFaA06FmPui8UJVQ-K1GyI-3dhPLZOMqAv1cMsf6dMYajAuEs8D1rebpvZmXzzlST-qZsH13MtgQIgFehr_hXn3bYyG1E7AKEVsAbHxad6A8s319EvJ4t9LobxlktsgYzBYfu2Om5bxq9ZTrsk2Z5nZlh70D3kaYRQdRBVuLRlH56CKFEky1ILhunf5b-fr_ZX0fP1yGnMTwaI7hiwVb759ZAjYd1ghiPPzA5B4v4vBSajw8WX17BYOvL57PiZV0z4PryqsSAsOMrAxtRpvsN44UuydWpnHiJHQzmTwG5UxBIdz-Ft3lH5Waw&__tn__=%2As%2As-R&paipv=0', 'text': ''}, {'link': 'https://m.facebook.com/photo.php?fbid=923305379466039&id=100053597555231&set=a.319516656511584&eav=AfbEgHJMNEcEYIKR84EHa1uMCPXBeLzBw3FYuxqeoWwoaNrbTvWqMNHUw4nr7eTiXkM&paipv=0&source=48&refid=17&_ft_=encrypted_tracking_data.0AY8_y3Xw-YoUMtRADM_HyXHnP8I5QrxfcawmdbicORG6aOLeL3PggbSAd6tFwoxNctjtcAfH6_1ihqw4YL46SZJsg1DkzT4QG6tlEBfuGecHTNu9OUorbnlMnRHv9EHITys_o1djB0WKUmJ59IE1wp-Zoy7BPfGJU0URcdSouGJ18rFMh6KdSw-hRaQTiZL2k6p-XrseAcUObY2XCCdwn4nWI1iw2xAGDucStRW1qwQoatH0j7X_kuEa9TsZdIqTCGPloEuQlwdBah8_ECUUGTZ3VQ5yqQcmBoE_QpRMvUUhC0nEKZjpTBUB7BR-gC_-q3Lj3B8iO1GLx8oeRoo7t6EHSA_iFUjsq5KOXyR2Avl2iw6Bln77JhLI_vFXXMNgP9qLkxlQ6hHsr4Z1IcPpP3PxT92Rp1IjMjB8QDQSttKZSQcCDaqdYDxpNNJ6itjUj-2v9beHaI2Ib9Eg8EyuweDPoxTmSIs9pV6J9DgHWRbXsWJTXoLtDKYjl3-n-tlGn4ibfsCCV6mN1QhcS3id8gAZDD2SBRO36JZl3gmcAaPlqgRSQA-pThRWdKAX2gvXZ3ibWL-SnDm5PMAVRHPEdRncgz6K7ROXz8EeQjgO2TEHkx5DRNf3xrp15Ta_mNXQX7oREQH_TksA3e9K5cImS34I0CJb9EYRNfYBBVCYC49DW7Gp-eIu6P6vQmSNqAocCQEyMLgl6wcoMEYJNJjBmTduxSKsZJx6iod6FJPxLb7AxxY90KIZ022ui6J4IKWQw-Ckmd8cqmlMqFb48JAtB47bGEScls-7RwxM2izxG1sAV1m3N1P0gtrQhiZ7z3PemiBaV7V93ufsRVUDi_Lu7OMrIgbGrWM4gjaaaff-ytmF02LNK5o6_8TqVHWQcazpg7ou8uIHt77-eTnqPKYJd14YeB7c1UDA_KV8PIUVr9i2GOvtWx54iKd-AjDlMcN52zMs00nPQA7QAMFxcrOFD7yUniSry5SZAKpZuyfsEyObgLrbrJBAOmtUws-T6QGI5WUYnBb-U79CrzUdtFRoWAPrem6t0ZaziXPpUHW1Qq7clLBIuuz2eNsulXnrdAbDWCNZKB3UQr6YpNbjGUT23cL8dqsrZrqADl7oLopPXu9KMpoOXu6oKyihnsReLabUH-0z9xEHXgl7NW7uczFaA06FmPui8UJVQ-K1GyI-3dhPLZOMqAv1cMsf6dMYajAuEs8D1rebpvZmXzzlST-qZsH13MtgQIgFehr_hXn3bYyG1E7AKEVsAbHxad6A8s319EvJ4t9LobxlktsgYzBYfu2Om5bxq9ZTrsk2Z5nZlh70D3kaYRQdRBVuLRlH56CKFEky1ILhunf5b-fr_ZX0fP1yGnMTwaI7hiwVb759ZAjYd1ghiPPzA5B4v4vBSajw8WX17BYOvL57PiZV0z4PryqsSAsOMrAxtRpvsN44UuydWpnHiJHQzmTwG5UxBIdz-Ft3lH5Waw&__tn__=EH-R', 'text': ''}]",100053597555231,TUI TÊN BÔ,https://facebook.com/TUITENBO1996?lst=61552988835975%3A100053597555231%3A1700216721&eav=AfaM4IHNWjv_js8gY40KLEcnJSAUaF-krzEJxQRglPNF8acGHoF67MlUik1W6JOaD40&refid=17&_ft_=encrypted_tracking_data.0AY8_y3Xw-YoUMtRADM_HyXHnP8I5QrxfcawmdbicORG6aOLeL3PggbSAd6tFwoxNctjtcAfH6_1ihqw4YL46SZJsg1DkzT4QG6tlEBfuGecHTNu9OUorbnlMnRHv9EHITys_o1djB0WKUmJ59IE1wp-Zoy7BPfGJU0URcdSouGJ18rFMh6KdSw-hRaQTiZL2k6p-XrseAcUObY2XCCdwn4nWI1iw2xAGDucStRW1qwQoatH0j7X_kuEa9TsZdIqTCGPloEuQlwdBah8_ECUUGTZ3VQ5yqQcmBoE_QpRMvUUhC0nEKZjpTBUB7BR-gC_-q3Lj3B8iO1GLx8oeRoo7t6EHSA_iFUjsq5KOXyR2Avl2iw6Bln77JhLI_vFXXMNgP9qLkxlQ6hHsr4Z1IcPpP3PxT92Rp1IjMjB8QDQSttKZSQcCDaqdYDxpNNJ6itjUj-2v9beHaI2Ib9Eg8EyuweDPoxTmSIs9pV6J9DgHWRbXsWJTXoLtDKYjl3-n-tlGn4ibfsCCV6mN1QhcS3id8gAZDD2SBRO36JZl3gmcAaPlqgRSQA-pThRWdKAX2gvXZ3ibWL-SnDm5PMAVRHPEdRncgz6K7ROXz8EeQjgO2TEHkx5DRNf3xrp15Ta_mNXQX7oREQH_TksA3e9K5cImS34I0CJb9EYRNfYBBVCYC49DW7Gp-eIu6P6vQmSNqAocCQEyMLgl6wcoMEYJNJjBmTduxSKsZJx6iod6FJPxLb7AxxY90KIZ022ui6J4IKWQw-Ckmd8cqmlMqFb48JAtB47bGEScls-7RwxM2izxG1sAV1m3N1P0gtrQhiZ7z3PemiBaV7V93ufsRVUDi_Lu7OMrIgbGrWM4gjaaaff-ytmF02LNK5o6_8TqVHWQcazpg7ou8uIHt77-eTnqPKYJd14YeB7c1UDA_KV8PIUVr9i2GOvtWx54iKd-AjDlMcN52zMs00nPQA7QAMFxcrOFD7yUniSry5SZAKpZuyfsEyObgLrbrJBAOmtUws-T6QGI5WUYnBb-U79CrzUdtFRoWAPrem6t0ZaziXPpUHW1Qq7clLBIuuz2eNsulXnrdAbDWCNZKB3UQr6YpNbjGUT23cL8dqsrZrqADl7oLopPXu9KMpoOXu6oKyihnsReLabUH-0z9xEHXgl7NW7uczFaA06FmPui8UJVQ-K1GyI-3dhPLZOMqAv1cMsf6dMYajAuEs8D1rebpvZmXzzlST-qZsH13MtgQIgFehr_hXn3bYyG1E7AKEVsAbHxad6A8s319EvJ4t9LobxlktsgYzBYfu2Om5bxq9ZTrsk2Z5nZlh70D3kaYRQdRBVuLRlH56CKFEky1ILhunf5b-fr_ZX0fP1yGnMTwaI7hiwVb759ZAjYd1ghiPPzA5B4v4vBSajw8WX17BYOvL57PiZV0z4PryqsSAsOMrAxtRpvsN44UuydWpnHiJHQzmTwG5UxBIdz-Ft3lH5Waw&__tn__=C-R&paipv=0,False,,,,,,,True,[],,,,0,,109094984201127,,923305379466039,['923305379466039'],False
921843449612232,Không ổn rồi đại vương ơi,Không ổn rồi đại vương ơi,,,2023-11-06 23:12:29,1699287149,,https://scontent.fhan14-4.fna.fbcdn.net/v/t15.5256-10/377150357_862699875863598_1747531747825529909_n.jpg?stp=cp0_dst-jpg_e15_q65_s480x480&_nc_cat=102&ccb=1-7&_nc_sid=f3b36a&efg=eyJpIjoidCJ9&_nc_ohc=sv_qBvFy-kEAX-G2L98&_nc_ht=scontent.fhan14-4.fna&oh=00_AfDpdi9BY9k-fPO3Ew3BDCt0Tiz7Sc0Cyzr9hkuW0I2-7w&oe=655C6D18,[],[],['https://scontent.fhan14-4.fna.fbcdn.net/v/t15.5256-10/377150357_862699875863598_1747531747825529909_n.jpg?stp=cp0_dst-jpg_e15_q65_s480x480&_nc_cat=102&ccb=1-7&_nc_sid=f3b36a&efg=eyJpIjoidCJ9&_nc_ohc=sv_qBvFy-kEAX-G2L98&_nc_ht=scontent.fhan14-4.fna&oh=00_AfDpdi9BY9k-fPO3Ew3BDCt0Tiz7Sc0Cyzr9hkuW0I2-7w&oe=655C6D18'],[None],https://scontent.fhan14-2.fna.fbcdn.net/v/t42.1790-2/398780794_1015817756354225_3680128895864556298_n.mp4?_nc_cat=106&ccb=1-7&_nc_sid=55d0d3&efg=eyJ2ZW5jb2RlX3RhZyI6InN2ZV9zZCJ9&_nc_ohc=7PkscNFW2E4AX-JuacY&_nc_rml=0&_nc_ht=scontent.fhan14-2.fna&oh=00_AfAR50a8w-dQGGVCdRILspB6S32KwMwNQeSM_UfnYqmSaA&oe=655C809D,,,1543716966374962,,,https://scontent.fhan14-4.fna.fbcdn.net/v/t15.5256-10/377150357_862699875863598_1747531747825529909_n.jpg?stp=cp0_dst-jpg_e15_q65_s480x480&_nc_cat=102&ccb=1-7&_nc_sid=f3b36a&efg=eyJpIjoidCJ9&_nc_ohc=sv_qBvFy-kEAX-G2L98&_nc_ht=scontent.fhan14-4.fna&oh=00_AfDpdi9BY9k-fPO3Ew3BDCt0Tiz7Sc0Cyzr9hkuW0I2-7w&oe=655C6D18,,,0,0,0,https://facebook.com/TUITENBO1996/posts/921843449612232,,"[{'link': '/story.php?story_fbid=pfbid02mByjjpKcKj2LAgpgThx4sdCF1owRxBWPDYYT2Y5NdzzCqLdC1gKWv4hzCUrcXiM4l&id=100053597555231&eav=AfZDuA4lup-z5unE25R7RUZTH5A41JJRboYAiXbs81jMSbi2lOoRWOsY13nR8NnoqlY&m_entstream_source=timeline&refid=17&_ft_=encrypted_tracking_data.0AY-FPk5VqJV4kuH3NoqWBQgavuxyT9nisNmrpBlS6aGHEC62_Fd0AbuVJJ0X-PZa99mg8c2VpvZbub3YYNdh-IchoYH6qZfxuc5rMOzQLKasZU-BN9EUvFKJ2lk_U-i8ofR-ZYgXDJBt5ue1F2LGI6XVQpo-hgozVrlMT24CiClmCPhE01sb3XDxWX0B9o92tJd4E8TD8J89NHd1OpjcPLqV9yY7M1-2PU611AK1o4kxy502t4nCb8bSEf8sdFu-oHde73KbdTDPI2N3UaxtshRO-sjItJXUQhafACkALz-GlEOC645Sfp6gzApfYKchyUOZDsEAY6rpKHd5swZf3qDUPtlb4Sihgs7ZXw1fK7RofcqEBzXna1lSfciw4WBdU9_KZ2GmA_pIJHJ7zaKWfzuav7nYc0I2cZJMpLXElnJdDJWRKWB2VGWasaM2Mr9ytw3XAXQqIodk8Z32N3f7kE4nJKhDvasOzupGoOGd5zSz6bYUifSm1Eg3MZ4HO-lNok2v0dhZG_zJR0efhREd5IcxqOymJo_Yam4Rd6GAs_LjkPAlOw0dQDUx9DoVPcdZzYBc0Hlo8VKHYFF8P_54A-vg9csUNoD0c7QdE_c2XwHbDxjhDLRija48gr9w0SM7T-WbwVc0plWkNHibZLPwRdwnT9aAknfW-hUpqbbP4AEgVzjS3bXEqR-Bez0-MqlRM0T6Q8SY8c2GAo_If1KC0Yk9H2SOeGAtxjrHMMMXycy1Vx900kdQoRLlT9EDHRSNwpDlzfLqlJyF428HLzvYnNv2jwpZwC-MiXtlqdin2xwmOUiU1E7fKEcCdVVdosKL2R1RtJgT68v8nFI-uqtihaGKtvSxcKjrYlYTY9TsXnWiOxmoywpHZZaEQFi0Vkw79XPhfv53gY3JAcHxYtOFqTKRXj9DUnzJCQ_s7Et2s8QkWEUM4viCPI2-yPkMgborgArEEQVQi_EVQrKDDITBu49rvvpVhGRI_zPLuGEn5-\\-\\yGOrQFZFIDisRe2ddKAeOydB5QvvqF3DMKAZ-esHNUlH8hETHYRohsoqjLW1tHwkr7Y9XRCxUF7k1YHZQnt1OADeOxK97Rj2xYrZOHkfCoPwKmuOO4UINNfWzQcYuXvsXYzBe2MNuoodrm9l4dPYiykwRcdS1zCz_0-oQX0H3ctnMULhBMhhwKJAhCxJJJvTyXY6M72AFxDeKKiUTjTLQiBIvY-of7zrQS7KVJU68NzNG2M1RSfKQWJ5DUYCsapdLc9BlYg0RCjvEdQ_n5CH8Z5mkZ6nX4-GfFlJAJgWK71eviTPU93CLjymZz6hwaJ3z8ARYWD3pVbD0xQj-KeWoBbJ-Gbb5slwhQ9I3-K26IKrjnt2BmcCTl6Cijoq7FB9pULK1op3M71SN0ZikZNRAt4KUMErnOEnZPvfC_vwaOJXhjT0NGu2M0AAKnL_QqFOEHrLbv9Zke9-pO2occxZqdp0LgGc47Li61Q&__tn__=%2As%2As-R&paipv=0', 'text': ''}]",100053597555231,TUI TÊN BÔ,https://facebook.com/TUITENBO1996?lst=61552988835975%3A100053597555231%3A1700216721&eav=AfaM4IHNWjv_js8gY40KLEcnJSAUaF-krzEJxQRglPNF8acGHoF67MlUik1W6JOaD40&refid=17&_ft_=encrypted_tracking_data.0AY-FPk5VqJV4kuH3NoqWBQgavuxyT9nisNmrpBlS6aGHEC62_Fd0AbuVJJ0X-PZa99mg8c2VpvZbub3YYNdh-IchoYH6qZfxuc5rMOzQLKasZU-BN9EUvFKJ2lk_U-i8ofR-ZYgXDJBt5ue1F2LGI6XVQpo-hgozVrlMT24CiClmCPhE01sb3XDxWX0B9o92tJd4E8TD8J89NHd1OpjcPLqV9yY7M1-2PU611AK1o4kxy502t4nCb8bSEf8sdFu-oHde73KbdTDPI2N3UaxtshRO-sjItJXUQhafACkALz-GlEOC645Sfp6gzApfYKchyUOZDsEAY6rpKHd5swZf3qDUPtlb4Sihgs7ZXw1fK7RofcqEBzXna1lSfciw4WBdU9_KZ2GmA_pIJHJ7zaKWfzuav7nYc0I2cZJMpLXElnJdDJWRKWB2VGWasaM2Mr9ytw3XAXQqIodk8Z32N3f7kE4nJKhDvasOzupGoOGd5zSz6bYUifSm1Eg3MZ4HO-lNok2v0dhZG_zJR0efhREd5IcxqOymJo_Yam4Rd6GAs_LjkPAlOw0dQDUx9DoVPcdZzYBc0Hlo8VKHYFF8P_54A-vg9csUNoD0c7QdE_c2XwHbDxjhDLRija48gr9w0SM7T-WbwVc0plWkNHibZLPwRdwnT9aAknfW-hUpqbbP4AEgVzjS3bXEqR-Bez0-MqlRM0T6Q8SY8c2GAo_If1KC0Yk9H2SOeGAtxjrHMMMXycy1Vx900kdQoRLlT9EDHRSNwpDlzfLqlJyF428HLzvYnNv2jwpZwC-MiXtlqdin2xwmOUiU1E7fKEcCdVVdosKL2R1RtJgT68v8nFI-uqtihaGKtvSxcKjrYlYTY9TsXnWiOxmoywpHZZaEQFi0Vkw79XPhfv53gY3JAcHxYtOFqTKRXj9DUnzJCQ_s7Et2s8QkWEUM4viCPI2-yPkMgborgArEEQVQi_EVQrKDDITBu49rvvpVhGRI_zPLuGEn5-\-\yGOrQFZFIDisRe2ddKAeOydB5QvvqF3DMKAZ-esHNUlH8hETHYRohsoqjLW1tHwkr7Y9XRCxUF7k1YHZQnt1OADeOxK97Rj2xYrZOHkfCoPwKmuOO4UINNfWzQcYuXvsXYzBe2MNuoodrm9l4dPYiykwRcdS1zCz_0-oQX0H3ctnMULhBMhhwKJAhCxJJJvTyXY6M72AFxDeKKiUTjTLQiBIvY-of7zrQS7KVJU68NzNG2M1RSfKQWJ5DUYCsapdLc9BlYg0RCjvEdQ_n5CH8Z5mkZ6nX4-GfFlJAJgWK71eviTPU93CLjymZz6hwaJ3z8ARYWD3pVbD0xQj-KeWoBbJ-Gbb5slwhQ9I3-K26IKrjnt2BmcCTl6Cijoq7FB9pULK1op3M71SN0ZikZNRAt4KUMErnOEnZPvfC_vwaOJXhjT0NGu2M0AAKnL_QqFOEHrLbv9Zke9-pO2occxZqdp0LgGc47Li61Q&__tn__=C-R&paipv=0,False,,,,,,,True,[],,,,0,,109094984201127,,,[],False
917693333360577,"Hit Me Up | Xuân Bô
cre: Nguyễn Kiệt","Hit Me Up | Xuân Bô
cre: Nguyễn Kiệt",,,2023-10-29 17:22:10,1698574930,,https://scontent.fhan14-3.fna.fbcdn.net/v/t15.5256-10/395524149_954793279618447_3263795403549583722_n.jpg?stp=cp0_dst-jpg_e15_p480x480_q65&_nc_cat=103&ccb=1-7&_nc_sid=f3b36a&efg=eyJpIjoidCJ9&_nc_ohc=NQ56cpcNZ2wAX_Td-Mg&_nc_oc=AQnJUcZ_2XiJJEcHUtpW4mq1hk0GZ14yba3EhCFu3lu08e9JCzFrBf7ecn5K6iOETAA&_nc_ht=scontent.fhan14-3.fna&oh=00_AfDNadX-Uiwzk-PyfDfrEbwijkY50CcI-31_Dcooe46omw&oe=655BB1AD,[],[],['https://scontent.fhan14-3.fna.fbcdn.net/v/t15.5256-10/395524149_954793279618447_3263795403549583722_n.jpg?stp=cp0_dst-jpg_e15_p480x480_q65&_nc_cat=103&ccb=1-7&_nc_sid=f3b36a&efg=eyJpIjoidCJ9&_nc_ohc=NQ56cpcNZ2wAX_Td-Mg&_nc_oc=AQnJUcZ_2XiJJEcHUtpW4mq1hk0GZ14yba3EhCFu3lu08e9JCzFrBf7ecn5K6iOETAA&_nc_ht=scontent.fhan14-3.fna&oh=00_AfDNadX-Uiwzk-PyfDfrEbwijkY50CcI-31_Dcooe46omw&oe=655BB1AD'],[None],https://scontent.fhan14-4.fna.fbcdn.net/v/t42.1790-2/396458057_871447611157226_6427440158005979086_n.mp4?_nc_cat=109&ccb=1-7&_nc_sid=55d0d3&efg=eyJ2ZW5jb2RlX3RhZyI6InN2ZV9zZCJ9&_nc_ohc=yltQ9LRfKBYAX8rUHAJ&tn=5xb7COlgie9AxQpK&_nc_rml=0&_nc_ht=scontent.fhan14-4.fna&oh=00_AfDXMbcGC2th2p5FRZTrLxxGgg7w-V_YH2-oqMT479c-og&oe=655BC460,,,1326564601336846,,,https://scontent.fhan14-3.fna.fbcdn.net/v/t15.5256-10/395524149_954793279618447_3263795403549583722_n.jpg?stp=cp0_dst-jpg_e15_p480x480_q65&_nc_cat=103&ccb=1-7&_nc_sid=f3b36a&efg=eyJpIjoidCJ9&_nc_ohc=NQ56cpcNZ2wAX_Td-Mg&_nc_oc=AQnJUcZ_2XiJJEcHUtpW4mq1hk0GZ14yba3EhCFu3lu08e9JCzFrBf7ecn5K6iOETAA&_nc_ht=scontent.fhan14-3.fna&oh=00_AfDNadX-Uiwzk-PyfDfrEbwijkY50CcI-31_Dcooe46omw&oe=655BB1AD,,,0,0,0,https://facebook.com/TUITENBO1996/posts/917693333360577,,"[{'link': '/story.php?story_fbid=pfbid02xuA4qSf7h4fT6DWuQ6xUimamqxGbb5EiAQU1RfCkhmmns12baZEktjSqKv7xVy29l&id=100053597555231&eav=AfZMHM7tSij0HZneCXpsZdZ78G8RS6_sh-MS6ftFs8YrczGr3T9oGJweJ6Ss53CUNXg&m_entstream_source=timeline&refid=17&_ft_=encrypted_tracking_data.0AY8fOvq4qIHNX5ETaAXQg2MIYc1C7lBAXj-2IXJaDNs5RErt5axG6D_iRaoTjyw4zlNLcLsrwz9y1cAylRBl82GtY0wDU9gnw4gPfpr7T4uuqtMtqmZ_rqwowEQ6_NI-YaLWmXPC-9Jtaugm9VX432pB0-ZwwLSABkkR2XWKTtk63tbPhCY8HTieCXDNe7QaGJsIKiFY5_FmGHHgn2OLJz7QRFvDaJpACbkAMgVfafdPHaM1RXocWj8xBvli06c0qizetLcC15reA8Mo8PCaHotsgG1P6UfrqTbNLgSnBchWqOnOU_2FZ_ZIWb5v9oHZFMEqa1SB2OnFd9YPv26PLIfaXM_ZQdE4x_kfL4-t-v-b9sD8SVKZ-JT3khuWwh0q7ZHepWFmgS_62a5qhG3sPVa6zwNXGyj-a4_La6_SvNHfYaZMH8ZCVCBg9bm9Tr1JBYUlybdr1bWTVTpnh91YCVDpq-0_C810LexIGJOHkWbnFL_JIv_TLmiVXpHhqf263gnkYDU2CHxi-wY6HrloDSV32uIA8Js5oA1BruTrE9AAs0-vymVTBXZwKaIOt8UPHp0mZDCiC8vqVgr6Ufaz4xDN3KGwUJ-MJatifplei99Zs0UiyZIQKImOrbWxQWDTN9Nm1IIYnWZPwolAxq1w3Mc6C-5e7-QLZrgHHBTQPl1JvWVl4fdS2AZoPcbdqQvJGLWNhgrSZ-Ktn7u68HzSsUeNzCAACCMNqeUi_XwzmanU2ykZhKEytN4NfxSOLG3LKLvL-30EpqpF5-ZKwlTSKZMYjSN0YiqOX_9iFdAzCippIbIkmXqkmgH9wOoHCPZt0OYlZbkewkxLWEv7eIEIxkkG_TQSjldHVodZhW46XW3iibIE_SPnXC1Sn1IH59N4fXsomBO84U_zhO7jW3fJamjrFfA1uQRzZ7VO6YfntzAzw4LYc4A5rn4JGpAIN057JRJ9zuSG3mqVwrOojJbz7L1hPg9fv7zAJSXTf1z40koNvNQk0HJtIm5CZdJj3KtQrZBjdGfjyMEo7vYVddogSITFGIbOKzuKokt4w0ZcNVPhgN3ilz8iiLx8-\\-\\xRGklbL-Y4BIYxDLavk1IpQbXARRKE11Zz7HjTR_58-PiOda_Gyt90Mhbr1nqS6ypZnZQs1Vq1hxoYOe26Wl9hLSBSgl12utL0bAa8E1f7sTfrKLF991ZdM3szq35OG4Ocfz7sJ-i-dFejGxGVayPDYWaYsEb8Jw_LJqMXouLtkiGMMZUYkVZPxeWTzaizR84BgZUsuKjpWudh6hWuGz7KLf_Cb7DGyNM9R3KW42Xp7LJHAakJhGSeMbt_a2wM_u_gUFIY6u3mpxU4p96dQg53XWjNvWBaede65TaXQJkjGqgBOvAq-WFObKklCQ2LRUde0WafB91h0DpTzHYsaX9KBMWXiWU_FArAyBAWsbMNEmDSww-QWLN1AmVA_WmoAXgBqzNfUWz_D4gER0GvCg&__tn__=%2As%2As-R&paipv=0', 'text': ''}]",100053597555231,TUI TÊN BÔ,https://facebook.com/TUITENBO1996?lst=61552988835975%3A100053597555231%3A1700216721&eav=AfaM4IHNWjv_js8gY40KLEcnJSAUaF-krzEJxQRglPNF8acGHoF67MlUik1W6JOaD40&refid=17&_ft_=encrypted_tracking_data.0AY8fOvq4qIHNX5ETaAXQg2MIYc1C7lBAXj-2IXJaDNs5RErt5axG6D_iRaoTjyw4zlNLcLsrwz9y1cAylRBl82GtY0wDU9gnw4gPfpr7T4uuqtMtqmZ_rqwowEQ6_NI-YaLWmXPC-9Jtaugm9VX432pB0-ZwwLSABkkR2XWKTtk63tbPhCY8HTieCXDNe7QaGJsIKiFY5_FmGHHgn2OLJz7QRFvDaJpACbkAMgVfafdPHaM1RXocWj8xBvli06c0qizetLcC15reA8Mo8PCaHotsgG1P6UfrqTbNLgSnBchWqOnOU_2FZ_ZIWb5v9oHZFMEqa1SB2OnFd9YPv26PLIfaXM_ZQdE4x_kfL4-t-v-b9sD8SVKZ-JT3khuWwh0q7ZHepWFmgS_62a5qhG3sPVa6zwNXGyj-a4_La6_SvNHfYaZMH8ZCVCBg9bm9Tr1JBYUlybdr1bWTVTpnh91YCVDpq-0_C810LexIGJOHkWbnFL_JIv_TLmiVXpHhqf263gnkYDU2CHxi-wY6HrloDSV32uIA8Js5oA1BruTrE9AAs0-vymVTBXZwKaIOt8UPHp0mZDCiC8vqVgr6Ufaz4xDN3KGwUJ-MJatifplei99Zs0UiyZIQKImOrbWxQWDTN9Nm1IIYnWZPwolAxq1w3Mc6C-5e7-QLZrgHHBTQPl1JvWVl4fdS2AZoPcbdqQvJGLWNhgrSZ-Ktn7u68HzSsUeNzCAACCMNqeUi_XwzmanU2ykZhKEytN4NfxSOLG3LKLvL-30EpqpF5-ZKwlTSKZMYjSN0YiqOX_9iFdAzCippIbIkmXqkmgH9wOoHCPZt0OYlZbkewkxLWEv7eIEIxkkG_TQSjldHVodZhW46XW3iibIE_SPnXC1Sn1IH59N4fXsomBO84U_zhO7jW3fJamjrFfA1uQRzZ7VO6YfntzAzw4LYc4A5rn4JGpAIN057JRJ9zuSG3mqVwrOojJbz7L1hPg9fv7zAJSXTf1z40koNvNQk0HJtIm5CZdJj3KtQrZBjdGfjyMEo7vYVddogSITFGIbOKzuKokt4w0ZcNVPhgN3ilz8iiLx8-\-\xRGklbL-Y4BIYxDLavk1IpQbXARRKE11Zz7HjTR_58-PiOda_Gyt90Mhbr1nqS6ypZnZQs1Vq1hxoYOe26Wl9hLSBSgl12utL0bAa8E1f7sTfrKLF991ZdM3szq35OG4Ocfz7sJ-i-dFejGxGVayPDYWaYsEb8Jw_LJqMXouLtkiGMMZUYkVZPxeWTzaizR84BgZUsuKjpWudh6hWuGz7KLf_Cb7DGyNM9R3KW42Xp7LJHAakJhGSeMbt_a2wM_u_gUFIY6u3mpxU4p96dQg53XWjNvWBaede65TaXQJkjGqgBOvAq-WFObKklCQ2LRUde0WafB91h0DpTzHYsaX9KBMWXiWU_FArAyBAWsbMNEmDSww-QWLN1AmVA_WmoAXgBqzNfUWz_D4gER0GvCg&__tn__=C-R&paipv=0,False,,,,,,,True,[],,,,0,,109094984201127,,,[],False
916491863480724,Zịt kiều lên phát biểu,Zịt kiều lên phát biểu,,,2023-10-27 10:09:42,1698376182,,https://scontent.fhan14-3.fna.fbcdn.net/v/t15.5256-10/396146060_1394901234708936_1020936376778673439_n.jpg?stp=cp0_dst-jpg_e15_p480x480_q65&_nc_cat=104&ccb=1-7&_nc_sid=f3b36a&efg=eyJpIjoidCJ9&_nc_ohc=Ggf79p0-f10AX88DejP&tn=5xb7COlgie9AxQpK&_nc_ht=scontent.fhan14-3.fna&oh=00_AfByVRhiOCQANSkHRZSB_GmSuvrIVagHcawgj_i0ZIo6wg&oe=655C5753,[],[],['https://scontent.fhan14-3.fna.fbcdn.net/v/t15.5256-10/396146060_1394901234708936_1020936376778673439_n.jpg?stp=cp0_dst-jpg_e15_p480x480_q65&_nc_cat=104&ccb=1-7&_nc_sid=f3b36a&efg=eyJpIjoidCJ9&_nc_ohc=Ggf79p0-f10AX88DejP&tn=5xb7COlgie9AxQpK&_nc_ht=scontent.fhan14-3.fna&oh=00_AfByVRhiOCQANSkHRZSB_GmSuvrIVagHcawgj_i0ZIo6wg&oe=655C5753'],[None],https://scontent.fhan14-3.fna.fbcdn.net/v/t42.1790-2/395534653_346600297738371_5558699712098042313_n.mp4?_nc_cat=103&ccb=1-7&_nc_sid=55d0d3&efg=eyJ2ZW5jb2RlX3RhZyI6InN2ZV9zZCJ9&_nc_ohc=-Un9_Y4K458AX_kdjfK&_nc_rml=0&_nc_ht=scontent.fhan14-3.fna&oh=00_AfDQiShXTI3gipcbt8unelyimz3T74qkLKu3UtV58zyWcw&oe=655B9BA1,,,1507002880130124,,,https://scontent.fhan14-3.fna.fbcdn.net/v/t15.5256-10/396146060_1394901234708936_1020936376778673439_n.jpg?stp=cp0_dst-jpg_e15_p480x480_q65&_nc_cat=104&ccb=1-7&_nc_sid=f3b36a&efg=eyJpIjoidCJ9&_nc_ohc=Ggf79p0-f10AX88DejP&tn=5xb7COlgie9AxQpK&_nc_ht=scontent.fhan14-3.fna&oh=00_AfByVRhiOCQANSkHRZSB_GmSuvrIVagHcawgj_i0ZIo6wg&oe=655C5753,,,0,0,0,https://facebook.com/TUITENBO1996/posts/916491863480724,,"[{'link': '/story.php?story_fbid=pfbid032kvpCi7KvUQvH3D8SRwh3KZTwu363rC58akYFVyxTerY3BczbfJZYWYp8nw4jqUsl&id=100053597555231&eav=AfaMcNIlsTryMTODzPgp2WnqoRWaUTT6gSpJY0yvB_DNajg1fSOPRwp8_gv3pVsk5Qk&m_entstream_source=timeline&refid=17&_ft_=encrypted_tracking_data.0AY8bT5D7f1UCsjBq0FoPakVMCs75CfVjSH6LC7FO_dmOXwvqPDV5N0TrsGQAs48cy6UOV9pbnwaHDSZhcoDklebnfrP3ZCniUKmINCH06hyIE-kB7GVcgJk3VF0czCV_V3PPPjGuxOkzzLOn4cuQ1r-PR3G531ASLbYWJxwxSoP8B4IcYgxf84flMw0Pln8XjKczHlpz0B5Vf_wcDjjXjrY93JYbm0rsDEvxlIDUZRBzlQ2lNU4XCoarNzxxhp26hugPoQz-HFtSE_8mIXLJk6P6le6yQHkg74Z7dXnT_nq1QB0kNpbkuTSlyCAczQQwaBU2k5hp5eCHZODT7RAP9-f6Nd8pv1YUspGcBGLnsrtf2Tl65bBRNtHqWQuvp9ndnRG2qjK1qnsLB4cuhsK2WPMUlZEKbR6WJl_gxXEsP0UemRUc7HEO-pr1MbBd9maiCf4FU_X8tEoPlizpvWRHYmKTdV7xyPN9FPp8JuDg9CwIoTL-AySmSOewZpi-Aov0H-_xGcx3hQ9e65KdTj2pZB5zXisdIHru24_MdX1GeKt5S7GYRZlf4NyY6eir8qWKn8FbQSc_vN40cfsgqTT9usbGH404fNFgsAl13Y5-4kOQSSZnr4_FExWZT9cARoXaHiVH_TvvC4u9R78i0ME5bjeiqhHPcrsK4ttizF1g764KjHaeG-FTTrnSeFkA1ZIesAKVQBiGBQ7IilS6a3kIuyCmeYS2UjF6w2LuIBw4EYoSWAPoJRXBvkTaLwrIlTC7GodfWroviSbxCs6eLx2dExgumd6AoTNjd541aDXlEkb30k6PJof9zS7-hiIzXaVHhQm0F68QU0_B4XxjlF1YxWYFvv5nhOij4KjePO2JhyRF5QttguS806j0b86HHzFNLPUIhPE6I6wRYi31nJ76Pt1ZsHSwX1Ag8ERYuHGP_Zrp3jqX-l4N78BsuzBqcNarTIhIrSoenEJM36FaXMA-884myn1_1cPkyoYvKlQcxTNWgy1r6JAS2JXmaOynlPPRlP0VGohQ7ejG9QbzkwuDk4IyrAEEPPWXDHGLSDfPU3vEHPAbTMMoh5wp21MZNzeF2fbFRjd0HJk9cgavZyaxtspTrpR4nqpU_DAr-u5bV1yq3IS6bymTwY5npPAfmS-rqmJk-8vnnYhmohiE4L2AKXLQu0GWcybbcueAoPTuIf4gmSYeoCvqLFxP-XUFXRvDSbPnzwYLPg4DjQgu3_2Kdvu5CbYRqVa1sDqtGkjCymelJsrjdLOimqUtkhzT0MUjfhJFrPD5no8xbtxzB5yguBYNadk_anpq7OIaJGXUNstA4p-rVC8HUr1xDTs33E9fI9lbg9mBwV455Oy0xReosJ21A3kZSeYrhNwnOOtm02n-fxEenK3lzsd_C5-ucY8J4z7LbLz_CXHyxtWAtW67PKfs01jfS1pI8KK6R5e7OhyRNlD4fqlNIGFxuffVVdA9AW0sp5KQHie2Wg&__tn__=%2As%2As-R&paipv=0', 'text': ''}]",100053597555231,TUI TÊN BÔ,https://facebook.com/TUITENBO1996?lst=61552988835975%3A100053597555231%3A1700216721&eav=AfaM4IHNWjv_js8gY40KLEcnJSAUaF-krzEJxQRglPNF8acGHoF67MlUik1W6JOaD40&refid=17&_ft_=encrypted_tracking_data.0AY8bT5D7f1UCsjBq0FoPakVMCs75CfVjSH6LC7FO_dmOXwvqPDV5N0TrsGQAs48cy6UOV9pbnwaHDSZhcoDklebnfrP3ZCniUKmINCH06hyIE-kB7GVcgJk3VF0czCV_V3PPPjGuxOkzzLOn4cuQ1r-PR3G531ASLbYWJxwxSoP8B4IcYgxf84flMw0Pln8XjKczHlpz0B5Vf_wcDjjXjrY93JYbm0rsDEvxlIDUZRBzlQ2lNU4XCoarNzxxhp26hugPoQz-HFtSE_8mIXLJk6P6le6yQHkg74Z7dXnT_nq1QB0kNpbkuTSlyCAczQQwaBU2k5hp5eCHZODT7RAP9-f6Nd8pv1YUspGcBGLnsrtf2Tl65bBRNtHqWQuvp9ndnRG2qjK1qnsLB4cuhsK2WPMUlZEKbR6WJl_gxXEsP0UemRUc7HEO-pr1MbBd9maiCf4FU_X8tEoPlizpvWRHYmKTdV7xyPN9FPp8JuDg9CwIoTL-AySmSOewZpi-Aov0H-_xGcx3hQ9e65KdTj2pZB5zXisdIHru24_MdX1GeKt5S7GYRZlf4NyY6eir8qWKn8FbQSc_vN40cfsgqTT9usbGH404fNFgsAl13Y5-4kOQSSZnr4_FExWZT9cARoXaHiVH_TvvC4u9R78i0ME5bjeiqhHPcrsK4ttizF1g764KjHaeG-FTTrnSeFkA1ZIesAKVQBiGBQ7IilS6a3kIuyCmeYS2UjF6w2LuIBw4EYoSWAPoJRXBvkTaLwrIlTC7GodfWroviSbxCs6eLx2dExgumd6AoTNjd541aDXlEkb30k6PJof9zS7-hiIzXaVHhQm0F68QU0_B4XxjlF1YxWYFvv5nhOij4KjePO2JhyRF5QttguS806j0b86HHzFNLPUIhPE6I6wRYi31nJ76Pt1ZsHSwX1Ag8ERYuHGP_Zrp3jqX-l4N78BsuzBqcNarTIhIrSoenEJM36FaXMA-884myn1_1cPkyoYvKlQcxTNWgy1r6JAS2JXmaOynlPPRlP0VGohQ7ejG9QbzkwuDk4IyrAEEPPWXDHGLSDfPU3vEHPAbTMMoh5wp21MZNzeF2fbFRjd0HJk9cgavZyaxtspTrpR4nqpU_DAr-u5bV1yq3IS6bymTwY5npPAfmS-rqmJk-8vnnYhmohiE4L2AKXLQu0GWcybbcueAoPTuIf4gmSYeoCvqLFxP-XUFXRvDSbPnzwYLPg4DjQgu3_2Kdvu5CbYRqVa1sDqtGkjCymelJsrjdLOimqUtkhzT0MUjfhJFrPD5no8xbtxzB5yguBYNadk_anpq7OIaJGXUNstA4p-rVC8HUr1xDTs33E9fI9lbg9mBwV455Oy0xReosJ21A3kZSeYrhNwnOOtm02n-fxEenK3lzsd_C5-ucY8J4z7LbLz_CXHyxtWAtW67PKfs01jfS1pI8KK6R5e7OhyRNlD4fqlNIGFxuffVVdA9AW0sp5KQHie2Wg&__tn__=C-R&paipv=0,False,,,,,,,True,[],,,,0,,109094984201127,,,[],False
914859293643981,"Anh em FA chào đón Du học sinh Bô Béo
#intelvietnam #iemSydney #gamingwithIntel","Anh em FA chào đón Du học sinh Bô Béo
#intelvietnam #iemSydney #gamingwithIntel",,,2023-10-24 12:04:04,1698123844,https://scontent.fhan14-2.fna.fbcdn.net/v/t39.30808-6/395104261_914822966980947_2126131650671934918_n.jpg?stp=cp0_dst-jpg_e15_fr_q65&_nc_cat=106&ccb=1-7&_nc_sid=5f2048&efg=eyJpIjoidCJ9&_nc_ohc=galbHiMnYsEAX-zImX1&_nc_ht=scontent.fhan14-2.fna&oh=00_AfAQqopnf-xrMmru74sjYi3gSuycLNWTvjh3eLn2NPVIag&oe=655B6256&manual_redirect=1,https://scontent.fhan14-2.fna.fbcdn.net/v/t39.30808-6/395104261_914822966980947_2126131650671934918_n.jpg?stp=cp0_dst-jpg_e15_q65_s235x350&_nc_cat=106&ccb=1-7&_nc_sid=5f2048&efg=eyJpIjoidCJ9&_nc_ohc=galbHiMnYsEAX-zImX1&_nc_ht=scontent.fhan14-2.fna&oh=00_AfDahP0w-JMZ2B28NN6oNg3g2j2S6B7X50AdvKX4-alCPA&oe=655B6256,"['https://scontent.fhan14-2.fna.fbcdn.net/v/t39.30808-6/395104261_914822966980947_2126131650671934918_n.jpg?stp=cp0_dst-jpg_e15_fr_q65&_nc_cat=106&ccb=1-7&_nc_sid=5f2048&efg=eyJpIjoidCJ9&_nc_ohc=galbHiMnYsEAX-zImX1&_nc_ht=scontent.fhan14-2.fna&oh=00_AfAQqopnf-xrMmru74sjYi3gSuycLNWTvjh3eLn2NPVIag&oe=655B6256&manual_redirect=1', 'https://scontent.fhan14-1.fna.fbcdn.net/v/t39.30808-6/395056310_914823300314247_6323570508845394760_n.jpg?stp=cp0_dst-jpg_e15_fr_q65&_nc_cat=105&ccb=1-7&_nc_sid=5f2048&efg=eyJpIjoidCJ9&_nc_ohc=HpCQ6HgWYm4AX9guVMV&_nc_ht=scontent.fhan14-1.fna&oh=00_AfAYcADmJ1Lr-vySvEm7KiSRCjqvl_M9uhcoH65c65ge5w&oe=655CFE72&manual_redirect=1', 'https://scontent.fhan14-3.fna.fbcdn.net/v/t39.30808-6/395067092_914823390314238_8048625438358160786_n.jpg?stp=cp0_dst-jpg_e15_fr_q65&_nc_cat=104&ccb=1-7&_nc_sid=5f2048&efg=eyJpIjoidCJ9&_nc_ohc=7TvgHp2SLlMAX8uk57b&_nc_ht=scontent.fhan14-3.fna&oh=00_AfAh2p2KCdA6N7tQiF8KWHNbbxTmMVP6L7TbngKofPpm4w&oe=655BDB5B&manual_redirect=1', 'https://scontent.fhan14-2.fna.fbcdn.net/v/t39.30808-6/395084463_914823153647595_7097172709652426559_n.jpg?stp=cp0_dst-jpg_e15_fr_q65&_nc_cat=106&ccb=1-7&_nc_sid=5f2048&efg=eyJpIjoidCJ9&_nc_ohc=cACbFlMCNy4AX9AK7oJ&_nc_ht=scontent.fhan14-2.fna&oh=00_AfBxoEfVqqCGa4ZOPfeWksSBs_l-MlPogx3rH5w2WW6GoQ&oe=655D04F0&manual_redirect=1', 'https://scontent.fhan14-4.fna.fbcdn.net/v/t39.30808-6/395058616_914823566980887_7035339616261423991_n.jpg?stp=cp0_dst-jpg_e15_fr_q65&_nc_cat=109&ccb=1-7&_nc_sid=5f2048&efg=eyJpIjoidCJ9&_nc_ohc=UDsIe-zNqqAAX8NCQHJ&_nc_ht=scontent.fhan14-4.fna&oh=00_AfCNJVo-pGRVMJVo4yv4lcRnTwgoXFCCwJh4BMmha-Gq0Q&oe=655B6729&manual_redirect=1', 'https://scontent.fhan14-4.fna.fbcdn.net/v/t39.30808-6/395108745_914823023647608_6414539372797615618_n.jpg?stp=cp0_dst-jpg_e15_fr_q65&_nc_cat=111&ccb=1-7&_nc_sid=5f2048&efg=eyJpIjoidCJ9&_nc_ohc=Gg-rpl3nFlAAX892uVQ&_nc_ht=scontent.fhan14-4.fna&oh=00_AfBlari-UwlvOiUfIolmcKHcl1tEOiHjfu0kTZUwNlvi2w&oe=655B7951&manual_redirect=1', 'https://scontent.fhan14-3.fna.fbcdn.net/v/t39.30808-6/395260778_914823086980935_4254022419640705322_n.jpg?stp=cp0_dst-jpg_e15_fr_q65&_nc_cat=110&ccb=1-7&_nc_sid=5f2048&efg=eyJpIjoidCJ9&_nc_ohc=KCXmMRns4Q8AX9htSm_&tn=5xb7COlgie9AxQpK&_nc_ht=scontent.fhan14-3.fna&oh=00_AfA1DnHphVFjl3KCRw0BOPTVAg1MKm1mDxffdkYoQVm1yg&oe=655D1D9E&manual_redirect=1', 'https://scontent.fhan14-4.fna.fbcdn.net/v/t39.30808-6/395031923_914823526980891_1596258290352481584_n.jpg?stp=cp0_dst-jpg_e15_fr_q65&_nc_cat=111&ccb=1-7&_nc_sid=5f2048&efg=eyJpIjoidCJ9&_nc_ohc=WlKUR7hON3UAX8MyZVY&_nc_ht=scontent.fhan14-4.fna&oh=00_AfDvg5qCMzObQsA_o5NgR_LGmgOLIZzAlXT16pPfaWwwXA&oe=655B5F1B&manual_redirect=1']","['Có thể là hình ảnh về 4 người và bia', 'Không có mô tả ảnh.', 'Có thể là hình ảnh về 11 người, dim sum và lẩu', 'Có thể là hình ảnh về 2 người và văn bản', 'Có thể là hình ảnh về 2 người và văn bản', 'Có thể là hình ảnh về 2 người và văn bản', 'Có thể là hình ảnh về 2 người và văn bản', 'Có thể là hình ảnh về 4 người, lẩu và văn bản']","['https://scontent.fhan14-2.fna.fbcdn.net/v/t39.30808-6/395104261_914822966980947_2126131650671934918_n.jpg?stp=cp0_dst-jpg_e15_q65_s235x350&_nc_cat=106&ccb=1-7&_nc_sid=5f2048&efg=eyJpIjoidCJ9&_nc_ohc=galbHiMnYsEAX-zImX1&_nc_ht=scontent.fhan14-2.fna&oh=00_AfDahP0w-JMZ2B28NN6oNg3g2j2S6B7X50AdvKX4-alCPA&oe=655B6256', 'https://scontent.fhan14-1.fna.fbcdn.net/v/t39.30808-6/395056310_914823300314247_6323570508845394760_n.jpg?stp=cp0_dst-jpg_e15_q65_s235x350&_nc_cat=105&ccb=1-7&_nc_sid=5f2048&efg=eyJpIjoidCJ9&_nc_ohc=HpCQ6HgWYm4AX9guVMV&_nc_ht=scontent.fhan14-1.fna&oh=00_AfBAJJ4qjXsObKSf8feFX7a2UB14LEAzZAqaUUXnNNHE8g&oe=655CFE72', 'https://scontent.fhan14-3.fna.fbcdn.net/v/t39.30808-6/395067092_914823390314238_8048625438358160786_n.jpg?stp=cp0_dst-jpg_e15_p130x130_q65&_nc_cat=104&ccb=1-7&_nc_sid=5f2048&efg=eyJpIjoidCJ9&_nc_ohc=7TvgHp2SLlMAX8uk57b&_nc_ht=scontent.fhan14-3.fna&oh=00_AfBJ5xTonjv70PIeh2jkUEzfZhTAVT2oD95pTZpCBT5hMw&oe=655BDB5B', 'https://scontent.fhan14-2.fna.fbcdn.net/v/t39.30808-6/395084463_914823153647595_7097172709652426559_n.jpg?stp=cp0_dst-jpg_e15_p130x130_q65&_nc_cat=106&ccb=1-7&_nc_sid=5f2048&efg=eyJpIjoidCJ9&_nc_ohc=cACbFlMCNy4AX9AK7oJ&_nc_ht=scontent.fhan14-2.fna&oh=00_AfAC8xHZBURzhbYvOjINi0fDymIZeIEHHsOOHhAllwTykw&oe=655D04F0', 'https://scontent.fhan14-4.fna.fbcdn.net/v/t39.30808-6/395058616_914823566980887_7035339616261423991_n.jpg?stp=cp0_dst-jpg_e15_p130x130_q65&_nc_cat=109&ccb=1-7&_nc_sid=5f2048&efg=eyJpIjoidCJ9&_nc_ohc=UDsIe-zNqqAAX8NCQHJ&_nc_ht=scontent.fhan14-4.fna&oh=00_AfCDOf9L5t52pg5fJtB9kw6gUJ8q27uv6Yg4UJE5meVsYQ&oe=655B6729']","['Có thể là hình ảnh về 4 người và bia', 'Không có mô tả ảnh.', 'Có thể là hình ảnh về 11 người, dim sum và lẩu', 'Có thể là hình ảnh về 2 người và văn bản', 'Có thể là hình ảnh về 2 người và văn bản']",,,,,,,,,,0,0,0,https://facebook.com/TUITENBO1996/posts/914859293643981,,"[{'link': '/hashtag/intelvietnam?refid=17&_ft_=encrypted_tracking_data.0AY-Ptj8GVwhVWDNPhZeOC97ewxAygU53Il0CKC_Y8Sq5fqgCPCCtCyfaw3IhFTRlP2dm2ISRcAMkD6q8ZVriSIxeGTRtwNTQnTlp4lNyY_cp8_g5HEo0f38IS8UeWne_jpuAS3fcOdfgCJKY9cQLx0b2JwFA-UdnE1G-W0zmJgCcTPitxe_NQkX8B99hzs9fHOGufgktPjII-5CZgSRqH6qtA0DM-BxtR-h-7anrw38DyMEGKz0Ghg7b-_MawZyWIyFy7rIpQ3h8HarfmqnFqnoRXs3tvD2WTapWsgmyTZMkfg7mBYpHBgtuYvFsJd7TLjH1pholThb9ZZnUlSQC4rCqpXhOfPrkyCKB9f7PM01EGTdSQ6gAjYPBKT40nNVrB0oNk6r8p8Jxg_141vCIT5t3kaXZALz-RTSzWu_x9dVa3dNPcmXFcxDtEKbkPPOYlo_upHKpAdaciVnwF6J5pTNWw6E2lEY2XV_KydQVe2ivh15KJdEtIqFJItMyhcAfqwiX5ZKyzFf6r_kQral9wgiaG6tqZh4FarklZNlC45rXmFVwf4hmuwVDEJb3t2WKTpAQoi37hYlzNTDZHPEjEcnqEEWJuL8DTVNRSxDnWeJZeXBRCe7mlPYbUg5ga2-ptXzXt6tn7uVVL045ij7FGXDl4Hn57mL7R-GZHBej_ybHlBOHj96zGcqBCrdLn3eDxm8Hm3_m5AaDPSCNuVLqCwCUARIX4G0QTqtkDc0bjfkkKFe2mqK0r4jS-2ew0It2Itk59KE3Mu-wR1EplpJvBZHk-1SLpqWYdhnYDT6iJdFCrLSPwVHEPcIb_8-4Wsen7Xl2QbV44abEpkVguZUGsAA-0pqd_UoHG-y4t2VAHyzSWoA4shoSFdIuuScXSlT69iJe_oTwo9KRO5BSM7uASHJjVdHL3DEcmgTnrf3IKSPXXehkzm7KvTyM8pyGa9P1wvhCfiOtX3FDhi4UsPnVQKgoxNNh3pUjXX4suaCsZ4YksBkUbbZfQdMUhR8AN_FOGsZnATHAC30KF4f-MtOqZ-UKt0wuWo1DCkQv7NGvl_hoDJOQMBPThuEbXCbbAAbp3WBRhS6IyV7LUA3HJtXsGpve2Xpg5w_2DuDMtFfKvoj_bl-39E6rItld3brrwi7T3C31VZijLfpsToBanhPJx1duEO7I7kguCxDE8567Xo235nc4HOMbZgL9mWi2mTFaMk_TjnMYH2fQSHh3N9_B5wKj-Cr9oRg-IoR5fggMgH077oyDQr1oc1clHz9qCEPmiMnOt8DjceB_xDRR9QzJpnIfXYTW_bhotPuQS-OjTTsn4IzpRmbSFvvUk_SX0KEngy6AfntQtLDWxyIYkzuVSNLWsa6hZFF2l6drv34mnB3piOkWSzGVQvX1NzA2bSCrUkEDGLvq4boFDt9YGI3GpJhXMLnRjDsTr2_r3kBjCZ-FQhzAOVjr6ksITMB32PlokXqT6zmo24Y4uW4aHrSAUnwapGQu7QNzdPOQPSbtOkVR6CEVF8P8D7w4bXMua_KZE38CGqML8aoduVp_DUcLREqlKCxOlhfjEHN2aLFUYDJ0mU-bL0IzhD6ntDGncl2jevKzz27PaFDGYUu5DQAIK_BJ7y1p&__tn__=%2As-R&paipv=0&eav=AfYgIdaTV40Arb0aFEettmzakPrmlFdLlVC_bJOtNVs81KOW7bKZO0zULmH1yb0a3v8', 'text': '#intelvietnam'}, {'link': '/hashtag/iemsydney?refid=17&_ft_=encrypted_tracking_data.0AY-Ptj8GVwhVWDNPhZeOC97ewxAygU53Il0CKC_Y8Sq5fqgCPCCtCyfaw3IhFTRlP2dm2ISRcAMkD6q8ZVriSIxeGTRtwNTQnTlp4lNyY_cp8_g5HEo0f38IS8UeWne_jpuAS3fcOdfgCJKY9cQLx0b2JwFA-UdnE1G-W0zmJgCcTPitxe_NQkX8B99hzs9fHOGufgktPjII-5CZgSRqH6qtA0DM-BxtR-h-7anrw38DyMEGKz0Ghg7b-_MawZyWIyFy7rIpQ3h8HarfmqnFqnoRXs3tvD2WTapWsgmyTZMkfg7mBYpHBgtuYvFsJd7TLjH1pholThb9ZZnUlSQC4rCqpXhOfPrkyCKB9f7PM01EGTdSQ6gAjYPBKT40nNVrB0oNk6r8p8Jxg_141vCIT5t3kaXZALz-RTSzWu_x9dVa3dNPcmXFcxDtEKbkPPOYlo_upHKpAdaciVnwF6J5pTNWw6E2lEY2XV_KydQVe2ivh15KJdEtIqFJItMyhcAfqwiX5ZKyzFf6r_kQral9wgiaG6tqZh4FarklZNlC45rXmFVwf4hmuwVDEJb3t2WKTpAQoi37hYlzNTDZHPEjEcnqEEWJuL8DTVNRSxDnWeJZeXBRCe7mlPYbUg5ga2-ptXzXt6tn7uVVL045ij7FGXDl4Hn57mL7R-GZHBej_ybHlBOHj96zGcqBCrdLn3eDxm8Hm3_m5AaDPSCNuVLqCwCUARIX4G0QTqtkDc0bjfkkKFe2mqK0r4jS-2ew0It2Itk59KE3Mu-wR1EplpJvBZHk-1SLpqWYdhnYDT6iJdFCrLSPwVHEPcIb_8-4Wsen7Xl2QbV44abEpkVguZUGsAA-0pqd_UoHG-y4t2VAHyzSWoA4shoSFdIuuScXSlT69iJe_oTwo9KRO5BSM7uASHJjVdHL3DEcmgTnrf3IKSPXXehkzm7KvTyM8pyGa9P1wvhCfiOtX3FDhi4UsPnVQKgoxNNh3pUjXX4suaCsZ4YksBkUbbZfQdMUhR8AN_FOGsZnATHAC30KF4f-MtOqZ-UKt0wuWo1DCkQv7NGvl_hoDJOQMBPThuEbXCbbAAbp3WBRhS6IyV7LUA3HJtXsGpve2Xpg5w_2DuDMtFfKvoj_bl-39E6rItld3brrwi7T3C31VZijLfpsToBanhPJx1duEO7I7kguCxDE8567Xo235nc4HOMbZgL9mWi2mTFaMk_TjnMYH2fQSHh3N9_B5wKj-Cr9oRg-IoR5fggMgH077oyDQr1oc1clHz9qCEPmiMnOt8DjceB_xDRR9QzJpnIfXYTW_bhotPuQS-OjTTsn4IzpRmbSFvvUk_SX0KEngy6AfntQtLDWxyIYkzuVSNLWsa6hZFF2l6drv34mnB3piOkWSzGVQvX1NzA2bSCrUkEDGLvq4boFDt9YGI3GpJhXMLnRjDsTr2_r3kBjCZ-FQhzAOVjr6ksITMB32PlokXqT6zmo24Y4uW4aHrSAUnwapGQu7QNzdPOQPSbtOkVR6CEVF8P8D7w4bXMua_KZE38CGqML8aoduVp_DUcLREqlKCxOlhfjEHN2aLFUYDJ0mU-bL0IzhD6ntDGncl2jevKzz27PaFDGYUu5DQAIK_BJ7y1p&__tn__=%2As-R&paipv=0&eav=AfZUwRNrnMCNRSfWpWY6ZJlwJe7dGXUq0LmqqeinmoMCC422pGB-Ph9kfvVxJg35jB0', 'text': '#iemSydney'}, {'link': '/hashtag/gamingwithintel?refid=17&_ft_=encrypted_tracking_data.0AY-Ptj8GVwhVWDNPhZeOC97ewxAygU53Il0CKC_Y8Sq5fqgCPCCtCyfaw3IhFTRlP2dm2ISRcAMkD6q8ZVriSIxeGTRtwNTQnTlp4lNyY_cp8_g5HEo0f38IS8UeWne_jpuAS3fcOdfgCJKY9cQLx0b2JwFA-UdnE1G-W0zmJgCcTPitxe_NQkX8B99hzs9fHOGufgktPjII-5CZgSRqH6qtA0DM-BxtR-h-7anrw38DyMEGKz0Ghg7b-_MawZyWIyFy7rIpQ3h8HarfmqnFqnoRXs3tvD2WTapWsgmyTZMkfg7mBYpHBgtuYvFsJd7TLjH1pholThb9ZZnUlSQC4rCqpXhOfPrkyCKB9f7PM01EGTdSQ6gAjYPBKT40nNVrB0oNk6r8p8Jxg_141vCIT5t3kaXZALz-RTSzWu_x9dVa3dNPcmXFcxDtEKbkPPOYlo_upHKpAdaciVnwF6J5pTNWw6E2lEY2XV_KydQVe2ivh15KJdEtIqFJItMyhcAfqwiX5ZKyzFf6r_kQral9wgiaG6tqZh4FarklZNlC45rXmFVwf4hmuwVDEJb3t2WKTpAQoi37hYlzNTDZHPEjEcnqEEWJuL8DTVNRSxDnWeJZeXBRCe7mlPYbUg5ga2-ptXzXt6tn7uVVL045ij7FGXDl4Hn57mL7R-GZHBej_ybHlBOHj96zGcqBCrdLn3eDxm8Hm3_m5AaDPSCNuVLqCwCUARIX4G0QTqtkDc0bjfkkKFe2mqK0r4jS-2ew0It2Itk59KE3Mu-wR1EplpJvBZHk-1SLpqWYdhnYDT6iJdFCrLSPwVHEPcIb_8-4Wsen7Xl2QbV44abEpkVguZUGsAA-0pqd_UoHG-y4t2VAHyzSWoA4shoSFdIuuScXSlT69iJe_oTwo9KRO5BSM7uASHJjVdHL3DEcmgTnrf3IKSPXXehkzm7KvTyM8pyGa9P1wvhCfiOtX3FDhi4UsPnVQKgoxNNh3pUjXX4suaCsZ4YksBkUbbZfQdMUhR8AN_FOGsZnATHAC30KF4f-MtOqZ-UKt0wuWo1DCkQv7NGvl_hoDJOQMBPThuEbXCbbAAbp3WBRhS6IyV7LUA3HJtXsGpve2Xpg5w_2DuDMtFfKvoj_bl-39E6rItld3brrwi7T3C31VZijLfpsToBanhPJx1duEO7I7kguCxDE8567Xo235nc4HOMbZgL9mWi2mTFaMk_TjnMYH2fQSHh3N9_B5wKj-Cr9oRg-IoR5fggMgH077oyDQr1oc1clHz9qCEPmiMnOt8DjceB_xDRR9QzJpnIfXYTW_bhotPuQS-OjTTsn4IzpRmbSFvvUk_SX0KEngy6AfntQtLDWxyIYkzuVSNLWsa6hZFF2l6drv34mnB3piOkWSzGVQvX1NzA2bSCrUkEDGLvq4boFDt9YGI3GpJhXMLnRjDsTr2_r3kBjCZ-FQhzAOVjr6ksITMB32PlokXqT6zmo24Y4uW4aHrSAUnwapGQu7QNzdPOQPSbtOkVR6CEVF8P8D7w4bXMua_KZE38CGqML8aoduVp_DUcLREqlKCxOlhfjEHN2aLFUYDJ0mU-bL0IzhD6ntDGncl2jevKzz27PaFDGYUu5DQAIK_BJ7y1p&__tn__=%2As-R&paipv=0&eav=AfYrgvwOhr2y6bITkHPPrWms4HQmox58BjHNvoGXenJD9SmzmHE6lB2Vku8a0ikFxAQ', 'text': '#gamingwithIntel'}, {'link': '/story.php?story_fbid=pfbid0cDNkpA3E46zU3Y4abR4coDt61WxP5jAppR2t9ZpJ2aXYRGzcwsUJKF7waGdnxL4Ql&id=100053597555231&eav=AfaJLY5Wd7HyazqnOwGflbWxF0m90o3hMs3I2f1EEB5QHYDt1YW0UUexKZ0wmuzu4DU&m_entstream_source=timeline&refid=17&_ft_=encrypted_tracking_data.0AY-Ptj8GVwhVWDNPhZeOC97ewxAygU53Il0CKC_Y8Sq5fqgCPCCtCyfaw3IhFTRlP2dm2ISRcAMkD6q8ZVriSIxeGTRtwNTQnTlp4lNyY_cp8_g5HEo0f38IS8UeWne_jpuAS3fcOdfgCJKY9cQLx0b2JwFA-UdnE1G-W0zmJgCcTPitxe_NQkX8B99hzs9fHOGufgktPjII-5CZgSRqH6qtA0DM-BxtR-h-7anrw38DyMEGKz0Ghg7b-_MawZyWIyFy7rIpQ3h8HarfmqnFqnoRXs3tvD2WTapWsgmyTZMkfg7mBYpHBgtuYvFsJd7TLjH1pholThb9ZZnUlSQC4rCqpXhOfPrkyCKB9f7PM01EGTdSQ6gAjYPBKT40nNVrB0oNk6r8p8Jxg_141vCIT5t3kaXZALz-RTSzWu_x9dVa3dNPcmXFcxDtEKbkPPOYlo_upHKpAdaciVnwF6J5pTNWw6E2lEY2XV_KydQVe2ivh15KJdEtIqFJItMyhcAfqwiX5ZKyzFf6r_kQral9wgiaG6tqZh4FarklZNlC45rXmFVwf4hmuwVDEJb3t2WKTpAQoi37hYlzNTDZHPEjEcnqEEWJuL8DTVNRSxDnWeJZeXBRCe7mlPYbUg5ga2-ptXzXt6tn7uVVL045ij7FGXDl4Hn57mL7R-GZHBej_ybHlBOHj96zGcqBCrdLn3eDxm8Hm3_m5AaDPSCNuVLqCwCUARIX4G0QTqtkDc0bjfkkKFe2mqK0r4jS-2ew0It2Itk59KE3Mu-wR1EplpJvBZHk-1SLpqWYdhnYDT6iJdFCrLSPwVHEPcIb_8-4Wsen7Xl2QbV44abEpkVguZUGsAA-0pqd_UoHG-y4t2VAHyzSWoA4shoSFdIuuScXSlT69iJe_oTwo9KRO5BSM7uASHJjVdHL3DEcmgTnrf3IKSPXXehkzm7KvTyM8pyGa9P1wvhCfiOtX3FDhi4UsPnVQKgoxNNh3pUjXX4suaCsZ4YksBkUbbZfQdMUhR8AN_FOGsZnATHAC30KF4f-MtOqZ-UKt0wuWo1DCkQv7NGvl_hoDJOQMBPThuEbXCbbAAbp3WBRhS6IyV7LUA3HJtXsGpve2Xpg5w_2DuDMtFfKvoj_bl-39E6rItld3brrwi7T3C31VZijLfpsToBanhPJx1duEO7I7kguCxDE8567Xo235nc4HOMbZgL9mWi2mTFaMk_TjnMYH2fQSHh3N9_B5wKj-Cr9oRg-IoR5fggMgH077oyDQr1oc1clHz9qCEPmiMnOt8DjceB_xDRR9QzJpnIfXYTW_bhotPuQS-OjTTsn4IzpRmbSFvvUk_SX0KEngy6AfntQtLDWxyIYkzuVSNLWsa6hZFF2l6drv34mnB3piOkWSzGVQvX1NzA2bSCrUkEDGLvq4boFDt9YGI3GpJhXMLnRjDsTr2_r3kBjCZ-FQhzAOVjr6ksITMB32PlokXqT6zmo24Y4uW4aHrSAUnwapGQu7QNzdPOQPSbtOkVR6CEVF8P8D7w4bXMua_KZE38CGqML8aoduVp_DUcLREqlKCxOlhfjEHN2aLFUYDJ0mU-bL0IzhD6ntDGncl2jevKzz27PaFDGYUu5DQAIK_BJ7y1p&__tn__=%2As%2As-R&paipv=0', 'text': ''}, {'link': '/photos/viewer/?photoset_token=pcb.914859293643981&photo=914859130310664&profileid=61552988835975&eav=AfaiYQnSal63w-\\-\\6tOCnyGiMcoG8iUjHhQ312LB_KOuG6OwDT-SDpPl5KvPl-EbgL1c&paipv=0&source=49&refid=17&_ft_=encrypted_tracking_data.0AY-Ptj8GVwhVWDNPhZeOC97ewxAygU53Il0CKC_Y8Sq5fqgCPCCtCyfaw3IhFTRlP2dm2ISRcAMkD6q8ZVriSIxeGTRtwNTQnTlp4lNyY_cp8_g5HEo0f38IS8UeWne_jpuAS3fcOdfgCJKY9cQLx0b2JwFA-UdnE1G-W0zmJgCcTPitxe_NQkX8B99hzs9fHOGufgktPjII-5CZgSRqH6qtA0DM-BxtR-h-7anrw38DyMEGKz0Ghg7b-_MawZyWIyFy7rIpQ3h8HarfmqnFqnoRXs3tvD2WTapWsgmyTZMkfg7mBYpHBgtuYvFsJd7TLjH1pholThb9ZZnUlSQC4rCqpXhOfPrkyCKB9f7PM01EGTdSQ6gAjYPBKT40nNVrB0oNk6r8p8Jxg_141vCIT5t3kaXZALz-RTSzWu_x9dVa3dNPcmXFcxDtEKbkPPOYlo_upHKpAdaciVnwF6J5pTNWw6E2lEY2XV_KydQVe2ivh15KJdEtIqFJItMyhcAfqwiX5ZKyzFf6r_kQral9wgiaG6tqZh4FarklZNlC45rXmFVwf4hmuwVDEJb3t2WKTpAQoi37hYlzNTDZHPEjEcnqEEWJuL8DTVNRSxDnWeJZeXBRCe7mlPYbUg5ga2-ptXzXt6tn7uVVL045ij7FGXDl4Hn57mL7R-GZHBej_ybHlBOHj96zGcqBCrdLn3eDxm8Hm3_m5AaDPSCNuVLqCwCUARIX4G0QTqtkDc0bjfkkKFe2mqK0r4jS-2ew0It2Itk59KE3Mu-wR1EplpJvBZHk-1SLpqWYdhnYDT6iJdFCrLSPwVHEPcIb_8-4Wsen7Xl2QbV44abEpkVguZUGsAA-0pqd_UoHG-y4t2VAHyzSWoA4shoSFdIuuScXSlT69iJe_oTwo9KRO5BSM7uASHJjVdHL3DEcmgTnrf3IKSPXXehkzm7KvTyM8pyGa9P1wvhCfiOtX3FDhi4UsPnVQKgoxNNh3pUjXX4suaCsZ4YksBkUbbZfQdMUhR8AN_FOGsZnATHAC30KF4f-MtOqZ-UKt0wuWo1DCkQv7NGvl_hoDJOQMBPThuEbXCbbAAbp3WBRhS6IyV7LUA3HJtXsGpve2Xpg5w_2DuDMtFfKvoj_bl-39E6rItld3brrwi7T3C31VZijLfpsToBanhPJx1duEO7I7kguCxDE8567Xo235nc4HOMbZgL9mWi2mTFaMk_TjnMYH2fQSHh3N9_B5wKj-Cr9oRg-IoR5fggMgH077oyDQr1oc1clHz9qCEPmiMnOt8DjceB_xDRR9QzJpnIfXYTW_bhotPuQS-OjTTsn4IzpRmbSFvvUk_SX0KEngy6AfntQtLDWxyIYkzuVSNLWsa6hZFF2l6drv34mnB3piOkWSzGVQvX1NzA2bSCrUkEDGLvq4boFDt9YGI3GpJhXMLnRjDsTr2_r3kBjCZ-FQhzAOVjr6ksITMB32PlokXqT6zmo24Y4uW4aHrSAUnwapGQu7QNzdPOQPSbtOkVR6CEVF8P8D7w4bXMua_KZE38CGqML8aoduVp_DUcLREqlKCxOlhfjEHN2aLFUYDJ0mU-bL0IzhD6ntDGncl2jevKzz27PaFDGYUu5DQAIK_BJ7y1p&__tn__=EH-R', 'text': ''}, {'link': '/photos/viewer/?photoset_token=pcb.914859293643981&photo=914859126977331&profileid=61552988835975&eav=AfZP5cYsOfHSyHXFyOpBtULMH7t8UYPnfomZgrlwWkIu2sIfDsUx0n_Bk7Ss7-K3r5w&paipv=0&source=49&refid=17&_ft_=encrypted_tracking_data.0AY-Ptj8GVwhVWDNPhZeOC97ewxAygU53Il0CKC_Y8Sq5fqgCPCCtCyfaw3IhFTRlP2dm2ISRcAMkD6q8ZVriSIxeGTRtwNTQnTlp4lNyY_cp8_g5HEo0f38IS8UeWne_jpuAS3fcOdfgCJKY9cQLx0b2JwFA-UdnE1G-W0zmJgCcTPitxe_NQkX8B99hzs9fHOGufgktPjII-5CZgSRqH6qtA0DM-BxtR-h-7anrw38DyMEGKz0Ghg7b-_MawZyWIyFy7rIpQ3h8HarfmqnFqnoRXs3tvD2WTapWsgmyTZMkfg7mBYpHBgtuYvFsJd7TLjH1pholThb9ZZnUlSQC4rCqpXhOfPrkyCKB9f7PM01EGTdSQ6gAjYPBKT40nNVrB0oNk6r8p8Jxg_141vCIT5t3kaXZALz-RTSzWu_x9dVa3dNPcmXFcxDtEKbkPPOYlo_upHKpAdaciVnwF6J5pTNWw6E2lEY2XV_KydQVe2ivh15KJdEtIqFJItMyhcAfqwiX5ZKyzFf6r_kQral9wgiaG6tqZh4FarklZNlC45rXmFVwf4hmuwVDEJb3t2WKTpAQoi37hYlzNTDZHPEjEcnqEEWJuL8DTVNRSxDnWeJZeXBRCe7mlPYbUg5ga2-ptXzXt6tn7uVVL045ij7FGXDl4Hn57mL7R-GZHBej_ybHlBOHj96zGcqBCrdLn3eDxm8Hm3_m5AaDPSCNuVLqCwCUARIX4G0QTqtkDc0bjfkkKFe2mqK0r4jS-2ew0It2Itk59KE3Mu-wR1EplpJvBZHk-1SLpqWYdhnYDT6iJdFCrLSPwVHEPcIb_8-4Wsen7Xl2QbV44abEpkVguZUGsAA-0pqd_UoHG-y4t2VAHyzSWoA4shoSFdIuuScXSlT69iJe_oTwo9KRO5BSM7uASHJjVdHL3DEcmgTnrf3IKSPXXehkzm7KvTyM8pyGa9P1wvhCfiOtX3FDhi4UsPnVQKgoxNNh3pUjXX4suaCsZ4YksBkUbbZfQdMUhR8AN_FOGsZnATHAC30KF4f-MtOqZ-UKt0wuWo1DCkQv7NGvl_hoDJOQMBPThuEbXCbbAAbp3WBRhS6IyV7LUA3HJtXsGpve2Xpg5w_2DuDMtFfKvoj_bl-39E6rItld3brrwi7T3C31VZijLfpsToBanhPJx1duEO7I7kguCxDE8567Xo235nc4HOMbZgL9mWi2mTFaMk_TjnMYH2fQSHh3N9_B5wKj-Cr9oRg-IoR5fggMgH077oyDQr1oc1clHz9qCEPmiMnOt8DjceB_xDRR9QzJpnIfXYTW_bhotPuQS-OjTTsn4IzpRmbSFvvUk_SX0KEngy6AfntQtLDWxyIYkzuVSNLWsa6hZFF2l6drv34mnB3piOkWSzGVQvX1NzA2bSCrUkEDGLvq4boFDt9YGI3GpJhXMLnRjDsTr2_r3kBjCZ-FQhzAOVjr6ksITMB32PlokXqT6zmo24Y4uW4aHrSAUnwapGQu7QNzdPOQPSbtOkVR6CEVF8P8D7w4bXMua_KZE38CGqML8aoduVp_DUcLREqlKCxOlhfjEHN2aLFUYDJ0mU-bL0IzhD6ntDGncl2jevKzz27PaFDGYUu5DQAIK_BJ7y1p&__tn__=EH-R', 'text': ''}, {'link': '/photos/viewer/?photoset_token=pcb.914859293643981&photo=914859110310666&profileid=61552988835975&eav=AfbYi6FA0LDe3H5GunWGFhFVuHxjHuQEpsgqRK8fbQVXWvxzIzHPAmFXkfKZHWvKNy4&paipv=0&source=49&refid=17&_ft_=encrypted_tracking_data.0AY-Ptj8GVwhVWDNPhZeOC97ewxAygU53Il0CKC_Y8Sq5fqgCPCCtCyfaw3IhFTRlP2dm2ISRcAMkD6q8ZVriSIxeGTRtwNTQnTlp4lNyY_cp8_g5HEo0f38IS8UeWne_jpuAS3fcOdfgCJKY9cQLx0b2JwFA-UdnE1G-W0zmJgCcTPitxe_NQkX8B99hzs9fHOGufgktPjII-5CZgSRqH6qtA0DM-BxtR-h-7anrw38DyMEGKz0Ghg7b-_MawZyWIyFy7rIpQ3h8HarfmqnFqnoRXs3tvD2WTapWsgmyTZMkfg7mBYpHBgtuYvFsJd7TLjH1pholThb9ZZnUlSQC4rCqpXhOfPrkyCKB9f7PM01EGTdSQ6gAjYPBKT40nNVrB0oNk6r8p8Jxg_141vCIT5t3kaXZALz-RTSzWu_x9dVa3dNPcmXFcxDtEKbkPPOYlo_upHKpAdaciVnwF6J5pTNWw6E2lEY2XV_KydQVe2ivh15KJdEtIqFJItMyhcAfqwiX5ZKyzFf6r_kQral9wgiaG6tqZh4FarklZNlC45rXmFVwf4hmuwVDEJb3t2WKTpAQoi37hYlzNTDZHPEjEcnqEEWJuL8DTVNRSxDnWeJZeXBRCe7mlPYbUg5ga2-ptXzXt6tn7uVVL045ij7FGXDl4Hn57mL7R-GZHBej_ybHlBOHj96zGcqBCrdLn3eDxm8Hm3_m5AaDPSCNuVLqCwCUARIX4G0QTqtkDc0bjfkkKFe2mqK0r4jS-2ew0It2Itk59KE3Mu-wR1EplpJvBZHk-1SLpqWYdhnYDT6iJdFCrLSPwVHEPcIb_8-4Wsen7Xl2QbV44abEpkVguZUGsAA-0pqd_UoHG-y4t2VAHyzSWoA4shoSFdIuuScXSlT69iJe_oTwo9KRO5BSM7uASHJjVdHL3DEcmgTnrf3IKSPXXehkzm7KvTyM8pyGa9P1wvhCfiOtX3FDhi4UsPnVQKgoxNNh3pUjXX4suaCsZ4YksBkUbbZfQdMUhR8AN_FOGsZnATHAC30KF4f-MtOqZ-UKt0wuWo1DCkQv7NGvl_hoDJOQMBPThuEbXCbbAAbp3WBRhS6IyV7LUA3HJtXsGpve2Xpg5w_2DuDMtFfKvoj_bl-39E6rItld3brrwi7T3C31VZijLfpsToBanhPJx1duEO7I7kguCxDE8567Xo235nc4HOMbZgL9mWi2mTFaMk_TjnMYH2fQSHh3N9_B5wKj-Cr9oRg-IoR5fggMgH077oyDQr1oc1clHz9qCEPmiMnOt8DjceB_xDRR9QzJpnIfXYTW_bhotPuQS-OjTTsn4IzpRmbSFvvUk_SX0KEngy6AfntQtLDWxyIYkzuVSNLWsa6hZFF2l6drv34mnB3piOkWSzGVQvX1NzA2bSCrUkEDGLvq4boFDt9YGI3GpJhXMLnRjDsTr2_r3kBjCZ-FQhzAOVjr6ksITMB32PlokXqT6zmo24Y4uW4aHrSAUnwapGQu7QNzdPOQPSbtOkVR6CEVF8P8D7w4bXMua_KZE38CGqML8aoduVp_DUcLREqlKCxOlhfjEHN2aLFUYDJ0mU-bL0IzhD6ntDGncl2jevKzz27PaFDGYUu5DQAIK_BJ7y1p&__tn__=EH-R', 'text': ''}, {'link': '/photos/viewer/?photoset_token=pcb.914859293643981&photo=914859113643999&profileid=61552988835975&eav=AfYSliOXuuDTluu0rgg3HIzSW5bQR2M8Ya6OVe_A43xsKpghBaUUpjXFzZdmW4gSKRI&paipv=0&source=49&refid=17&_ft_=encrypted_tracking_data.0AY-Ptj8GVwhVWDNPhZeOC97ewxAygU53Il0CKC_Y8Sq5fqgCPCCtCyfaw3IhFTRlP2dm2ISRcAMkD6q8ZVriSIxeGTRtwNTQnTlp4lNyY_cp8_g5HEo0f38IS8UeWne_jpuAS3fcOdfgCJKY9cQLx0b2JwFA-UdnE1G-W0zmJgCcTPitxe_NQkX8B99hzs9fHOGufgktPjII-5CZgSRqH6qtA0DM-BxtR-h-7anrw38DyMEGKz0Ghg7b-_MawZyWIyFy7rIpQ3h8HarfmqnFqnoRXs3tvD2WTapWsgmyTZMkfg7mBYpHBgtuYvFsJd7TLjH1pholThb9ZZnUlSQC4rCqpXhOfPrkyCKB9f7PM01EGTdSQ6gAjYPBKT40nNVrB0oNk6r8p8Jxg_141vCIT5t3kaXZALz-RTSzWu_x9dVa3dNPcmXFcxDtEKbkPPOYlo_upHKpAdaciVnwF6J5pTNWw6E2lEY2XV_KydQVe2ivh15KJdEtIqFJItMyhcAfqwiX5ZKyzFf6r_kQral9wgiaG6tqZh4FarklZNlC45rXmFVwf4hmuwVDEJb3t2WKTpAQoi37hYlzNTDZHPEjEcnqEEWJuL8DTVNRSxDnWeJZeXBRCe7mlPYbUg5ga2-ptXzXt6tn7uVVL045ij7FGXDl4Hn57mL7R-GZHBej_ybHlBOHj96zGcqBCrdLn3eDxm8Hm3_m5AaDPSCNuVLqCwCUARIX4G0QTqtkDc0bjfkkKFe2mqK0r4jS-2ew0It2Itk59KE3Mu-wR1EplpJvBZHk-1SLpqWYdhnYDT6iJdFCrLSPwVHEPcIb_8-4Wsen7Xl2QbV44abEpkVguZUGsAA-0pqd_UoHG-y4t2VAHyzSWoA4shoSFdIuuScXSlT69iJe_oTwo9KRO5BSM7uASHJjVdHL3DEcmgTnrf3IKSPXXehkzm7KvTyM8pyGa9P1wvhCfiOtX3FDhi4UsPnVQKgoxNNh3pUjXX4suaCsZ4YksBkUbbZfQdMUhR8AN_FOGsZnATHAC30KF4f-MtOqZ-UKt0wuWo1DCkQv7NGvl_hoDJOQMBPThuEbXCbbAAbp3WBRhS6IyV7LUA3HJtXsGpve2Xpg5w_2DuDMtFfKvoj_bl-39E6rItld3brrwi7T3C31VZijLfpsToBanhPJx1duEO7I7kguCxDE8567Xo235nc4HOMbZgL9mWi2mTFaMk_TjnMYH2fQSHh3N9_B5wKj-Cr9oRg-IoR5fggMgH077oyDQr1oc1clHz9qCEPmiMnOt8DjceB_xDRR9QzJpnIfXYTW_bhotPuQS-OjTTsn4IzpRmbSFvvUk_SX0KEngy6AfntQtLDWxyIYkzuVSNLWsa6hZFF2l6drv34mnB3piOkWSzGVQvX1NzA2bSCrUkEDGLvq4boFDt9YGI3GpJhXMLnRjDsTr2_r3kBjCZ-FQhzAOVjr6ksITMB32PlokXqT6zmo24Y4uW4aHrSAUnwapGQu7QNzdPOQPSbtOkVR6CEVF8P8D7w4bXMua_KZE38CGqML8aoduVp_DUcLREqlKCxOlhfjEHN2aLFUYDJ0mU-bL0IzhD6ntDGncl2jevKzz27PaFDGYUu5DQAIK_BJ7y1p&__tn__=EH-R', 'text': ''}, {'link': '/photos/viewer/?photoset_token=pcb.914859293643981&photo=914859143643996&profileid=61552988835975&eav=AfbcgkMF8k4Sdm7OL11HuG1CE3ROJDxh4padfYxczpyjCdQ0OZkonXTZXZL1v7jpIiE&paipv=0&source=49&refid=17&_ft_=encrypted_tracking_data.0AY-Ptj8GVwhVWDNPhZeOC97ewxAygU53Il0CKC_Y8Sq5fqgCPCCtCyfaw3IhFTRlP2dm2ISRcAMkD6q8ZVriSIxeGTRtwNTQnTlp4lNyY_cp8_g5HEo0f38IS8UeWne_jpuAS3fcOdfgCJKY9cQLx0b2JwFA-UdnE1G-W0zmJgCcTPitxe_NQkX8B99hzs9fHOGufgktPjII-5CZgSRqH6qtA0DM-BxtR-h-7anrw38DyMEGKz0Ghg7b-_MawZyWIyFy7rIpQ3h8HarfmqnFqnoRXs3tvD2WTapWsgmyTZMkfg7mBYpHBgtuYvFsJd7TLjH1pholThb9ZZnUlSQC4rCqpXhOfPrkyCKB9f7PM01EGTdSQ6gAjYPBKT40nNVrB0oNk6r8p8Jxg_141vCIT5t3kaXZALz-RTSzWu_x9dVa3dNPcmXFcxDtEKbkPPOYlo_upHKpAdaciVnwF6J5pTNWw6E2lEY2XV_KydQVe2ivh15KJdEtIqFJItMyhcAfqwiX5ZKyzFf6r_kQral9wgiaG6tqZh4FarklZNlC45rXmFVwf4hmuwVDEJb3t2WKTpAQoi37hYlzNTDZHPEjEcnqEEWJuL8DTVNRSxDnWeJZeXBRCe7mlPYbUg5ga2-ptXzXt6tn7uVVL045ij7FGXDl4Hn57mL7R-GZHBej_ybHlBOHj96zGcqBCrdLn3eDxm8Hm3_m5AaDPSCNuVLqCwCUARIX4G0QTqtkDc0bjfkkKFe2mqK0r4jS-2ew0It2Itk59KE3Mu-wR1EplpJvBZHk-1SLpqWYdhnYDT6iJdFCrLSPwVHEPcIb_8-4Wsen7Xl2QbV44abEpkVguZUGsAA-0pqd_UoHG-y4t2VAHyzSWoA4shoSFdIuuScXSlT69iJe_oTwo9KRO5BSM7uASHJjVdHL3DEcmgTnrf3IKSPXXehkzm7KvTyM8pyGa9P1wvhCfiOtX3FDhi4UsPnVQKgoxNNh3pUjXX4suaCsZ4YksBkUbbZfQdMUhR8AN_FOGsZnATHAC30KF4f-MtOqZ-UKt0wuWo1DCkQv7NGvl_hoDJOQMBPThuEbXCbbAAbp3WBRhS6IyV7LUA3HJtXsGpve2Xpg5w_2DuDMtFfKvoj_bl-39E6rItld3brrwi7T3C31VZijLfpsToBanhPJx1duEO7I7kguCxDE8567Xo235nc4HOMbZgL9mWi2mTFaMk_TjnMYH2fQSHh3N9_B5wKj-Cr9oRg-IoR5fggMgH077oyDQr1oc1clHz9qCEPmiMnOt8DjceB_xDRR9QzJpnIfXYTW_bhotPuQS-OjTTsn4IzpRmbSFvvUk_SX0KEngy6AfntQtLDWxyIYkzuVSNLWsa6hZFF2l6drv34mnB3piOkWSzGVQvX1NzA2bSCrUkEDGLvq4boFDt9YGI3GpJhXMLnRjDsTr2_r3kBjCZ-FQhzAOVjr6ksITMB32PlokXqT6zmo24Y4uW4aHrSAUnwapGQu7QNzdPOQPSbtOkVR6CEVF8P8D7w4bXMua_KZE38CGqML8aoduVp_DUcLREqlKCxOlhfjEHN2aLFUYDJ0mU-bL0IzhD6ntDGncl2jevKzz27PaFDGYUu5DQAIK_BJ7y1p&__tn__=EH-R', 'text': '+9'}]",100053597555231,TUI TÊN BÔ,https://facebook.com/TUITENBO1996?lst=61552988835975%3A100053597555231%3A1700216721&eav=AfaM4IHNWjv_js8gY40KLEcnJSAUaF-krzEJxQRglPNF8acGHoF67MlUik1W6JOaD40&refid=17&_ft_=encrypted_tracking_data.0AY-Ptj8GVwhVWDNPhZeOC97ewxAygU53Il0CKC_Y8Sq5fqgCPCCtCyfaw3IhFTRlP2dm2ISRcAMkD6q8ZVriSIxeGTRtwNTQnTlp4lNyY_cp8_g5HEo0f38IS8UeWne_jpuAS3fcOdfgCJKY9cQLx0b2JwFA-UdnE1G-W0zmJgCcTPitxe_NQkX8B99hzs9fHOGufgktPjII-5CZgSRqH6qtA0DM-BxtR-h-7anrw38DyMEGKz0Ghg7b-_MawZyWIyFy7rIpQ3h8HarfmqnFqnoRXs3tvD2WTapWsgmyTZMkfg7mBYpHBgtuYvFsJd7TLjH1pholThb9ZZnUlSQC4rCqpXhOfPrkyCKB9f7PM01EGTdSQ6gAjYPBKT40nNVrB0oNk6r8p8Jxg_141vCIT5t3kaXZALz-RTSzWu_x9dVa3dNPcmXFcxDtEKbkPPOYlo_upHKpAdaciVnwF6J5pTNWw6E2lEY2XV_KydQVe2ivh15KJdEtIqFJItMyhcAfqwiX5ZKyzFf6r_kQral9wgiaG6tqZh4FarklZNlC45rXmFVwf4hmuwVDEJb3t2WKTpAQoi37hYlzNTDZHPEjEcnqEEWJuL8DTVNRSxDnWeJZeXBRCe7mlPYbUg5ga2-ptXzXt6tn7uVVL045ij7FGXDl4Hn57mL7R-GZHBej_ybHlBOHj96zGcqBCrdLn3eDxm8Hm3_m5AaDPSCNuVLqCwCUARIX4G0QTqtkDc0bjfkkKFe2mqK0r4jS-2ew0It2Itk59KE3Mu-wR1EplpJvBZHk-1SLpqWYdhnYDT6iJdFCrLSPwVHEPcIb_8-4Wsen7Xl2QbV44abEpkVguZUGsAA-0pqd_UoHG-y4t2VAHyzSWoA4shoSFdIuuScXSlT69iJe_oTwo9KRO5BSM7uASHJjVdHL3DEcmgTnrf3IKSPXXehkzm7KvTyM8pyGa9P1wvhCfiOtX3FDhi4UsPnVQKgoxNNh3pUjXX4suaCsZ4YksBkUbbZfQdMUhR8AN_FOGsZnATHAC30KF4f-MtOqZ-UKt0wuWo1DCkQv7NGvl_hoDJOQMBPThuEbXCbbAAbp3WBRhS6IyV7LUA3HJtXsGpve2Xpg5w_2DuDMtFfKvoj_bl-39E6rItld3brrwi7T3C31VZijLfpsToBanhPJx1duEO7I7kguCxDE8567Xo235nc4HOMbZgL9mWi2mTFaMk_TjnMYH2fQSHh3N9_B5wKj-Cr9oRg-IoR5fggMgH077oyDQr1oc1clHz9qCEPmiMnOt8DjceB_xDRR9QzJpnIfXYTW_bhotPuQS-OjTTsn4IzpRmbSFvvUk_SX0KEngy6AfntQtLDWxyIYkzuVSNLWsa6hZFF2l6drv34mnB3piOkWSzGVQvX1NzA2bSCrUkEDGLvq4boFDt9YGI3GpJhXMLnRjDsTr2_r3kBjCZ-FQhzAOVjr6ksITMB32PlokXqT6zmo24Y4uW4aHrSAUnwapGQu7QNzdPOQPSbtOkVR6CEVF8P8D7w4bXMua_KZE38CGqML8aoduVp_DUcLREqlKCxOlhfjEHN2aLFUYDJ0mU-bL0IzhD6ntDGncl2jevKzz27PaFDGYUu5DQAIK_BJ7y1p&__tn__=C-R&paipv=0,False,,,,,,,True,[],,,,0,,109094984201127,,,[],False
913265580470019,"Từ bé tới giờ mới được tham gia sự kiện Intel Extreme Masters 2023 tại Sydney. sự kiện đầu tiên mà Intel ra mắt CPU Intel Core Thế Hệ 14 dành cho dòng máy tính để bàn, tham dự xong lại còn được quà mang về , i love you so much Intel ,quá là tuyệt vời😤

#intelvietnam #iemSydney #gamingwithIntel","Từ bé tới giờ mới được tham gia sự kiện Intel Extreme Masters 2023 tại Sydney. sự kiện đầu tiên mà Intel ra mắt CPU Intel Core Thế Hệ 14 dành cho dòng máy tính để bàn, tham dự xong lại còn được quà mang về , i love you so much Intel ,quá là tuyệt vời😤

#intelvietnam #iemSydney #gamingwithIntel",,,2023-10-21 12:56:47,1697867807,https://scontent.fhan14-1.fna.fbcdn.net/v/t39.30808-6/393695623_913264773803433_3878844411553195612_n.jpg?stp=cp0_dst-jpg_e15_fr_q65&_nc_cat=101&ccb=1-7&_nc_sid=5f2048&efg=eyJpIjoidCJ9&_nc_ohc=qX1R5wBxmlgAX-5Unco&_nc_oc=AQltfmfFj9RmQs1hp1d7uRSCq0DUtq30SrDGJA6DQwKBUeQGYTAgUt26P8rRMy0NVOQ&_nc_ht=scontent.fhan14-1.fna&oh=00_AfBNUEu6axH0O9L_sieAnVg5VzJg4zMeMjVemT5J3d5QvQ&oe=655B383B&manual_redirect=1,https://scontent.fhan14-1.fna.fbcdn.net/v/t39.30808-6/393695623_913264773803433_3878844411553195612_n.jpg?stp=cp0_dst-jpg_e15_p403x403_q65&_nc_cat=101&ccb=1-7&_nc_sid=5f2048&efg=eyJpIjoidCJ9&_nc_ohc=qX1R5wBxmlgAX-5Unco&_nc_oc=AQltfmfFj9RmQs1hp1d7uRSCq0DUtq30SrDGJA6DQwKBUeQGYTAgUt26P8rRMy0NVOQ&_nc_ht=scontent.fhan14-1.fna&oh=00_AfAmPRfatitn9eLYVExYuceWOVod8s79H6J3o_e580w2Vg&oe=655B383B,['https://scontent.fhan14-1.fna.fbcdn.net/v/t39.30808-6/393695623_913264773803433_3878844411553195612_n.jpg?stp=cp0_dst-jpg_e15_fr_q65&_nc_cat=101&ccb=1-7&_nc_sid=5f2048&efg=eyJpIjoidCJ9&_nc_ohc=qX1R5wBxmlgAX-5Unco&_nc_oc=AQltfmfFj9RmQs1hp1d7uRSCq0DUtq30SrDGJA6DQwKBUeQGYTAgUt26P8rRMy0NVOQ&_nc_ht=scontent.fhan14-1.fna&oh=00_AfBNUEu6axH0O9L_sieAnVg5VzJg4zMeMjVemT5J3d5QvQ&oe=655B383B&manual_redirect=1'],['Có thể là hình ảnh về 1 người và văn bản'],['https://scontent.fhan14-1.fna.fbcdn.net/v/t39.30808-6/393695623_913264773803433_3878844411553195612_n.jpg?stp=cp0_dst-jpg_e15_p403x403_q65&_nc_cat=101&ccb=1-7&_nc_sid=5f2048&efg=eyJpIjoidCJ9&_nc_ohc=qX1R5wBxmlgAX-5Unco&_nc_oc=AQltfmfFj9RmQs1hp1d7uRSCq0DUtq30SrDGJA6DQwKBUeQGYTAgUt26P8rRMy0NVOQ&_nc_ht=scontent.fhan14-1.fna&oh=00_AfAmPRfatitn9eLYVExYuceWOVod8s79H6J3o_e580w2Vg&oe=655B383B'],['Có thể là hình ảnh về 1 người và văn bản'],,,,,,,,,,0,0,0,https://facebook.com/TUITENBO1996/posts/913265580470019,,"[{'link': '/hashtag/intelvietnam?refid=17&_ft_=encrypted_tracking_data.0AY_drWI40-iZcum_QwrI3rTc9vy6LEbMtPTvf8JtArdAwSZ4c-du_ZudDAAe1EIASb3WeYRqkmZTunLz0CzDvgcwOIVgK9mlbQUXvxN0gMrLTkBjHO4Wp1JvtsoJdfv_FiXKqoKO1aFVp6pXxwNFeuZZYXFwcctZdNjSgRJ9pQRsd2U5ZEkY6PzroXoIruGHYtLVuCUURJ4NYTtFPNoMz_8xJ4QnIzg8TfwXX3CiiyrPljMeBk25qfzd7ubwoX1DEEQrdLy6vLSOg5RO3eP9sLwFN2Ur6VJkyBGuYlVSCZIMzAbAFY_mfmBvQrID599-Vw_cAoVLYGtNNVldYXZo59SIT892IUb3jxVW_a1WQo7vIB0Z1lvLC85K3MWNsX7dz4d5ecH_thnOlJwX4i9ylO_k1HjGCgSnDeunIFhS5MF4hLoYU-wAbsgAHzqLWd7g0YdGPOanTq67rKJ1LTbSQdPCeZfDKuvMaiDsjGoInmXLkw8W5tIYB-uc5mX8uwsv5PMBwQ0uI24csZYGPF4DxTID2RtZ03yhNy-0uTEVt6vx932-1SVT4vZmJB7_-Md85vULb9QA48quwZ2o69K4XSXy7WU27XiW6JRlu7qNZz-zyMU3H3XzSOV5ZZHGxU8fSuMulRLlAb9tsEjUv_O_ADNW_u2AiVB9HjbSHGQt9hcGEDiJnV4155jZcxsFZ-UnBNJXFIJdQ2I8AvXs8Gvt9TH2kOZz7JBi_xFvBTCrcYBR35KNMaYEoofvXnGgo3whyk5FYCi_NdfVpolZEPzTJewRyWRIJ_hrbaLigDQbIJGadtmtgxp8P-mSlAynQmD7sK6dU9T0Ivul5Ol6rKh1PPxfHT1m7IkXFN2_rKI_2VaIYHn0cfQoZEdsQgtXb0zuST-9guTIcmWsuYYCVJkWJZfWoaxYI1tm6wViBeOnC6RpMluT2BvILrR6rWShdU07UAo3LDIZNEjmHrjsepA5R3hWzsPQsJYNVURa6SE7wrS-j1EXuNaMZQgYnMG4nzW4XR5bMjPGEtzGwC5EaDA2Cy6UQJ3jcNkh4AxBcMQixtkbq5nCb01nE0wRLqcrPQx4xQ3cnnVOj0puDa68ZHCQfWyJOd_xXW8k9ud2nPX04yEnwdVd6uQu0VzEkBsDZJ-dgbhW9RSujsYYb15k95XSfWg-AvXtsRDpmogzPhlWqgCtgYIAyG-2WxIqOIMgYC09mzT7ORL22MqqbHmMbMyPKpKVGFzo3nQiRbycOAEWwDNFWJwCPZ0W3hmCcIXSRLmDM6BmuREytMqM_HJCyd7r7PSE4P16Kfsaqy1QHuRrv1OQ7f6iZL5IOA2cct-dxUbJDmI82K3vII_MiFFbg0TP8EUNNBaPLmY_kVceysG2KnyQHomryI3rgQ2xKPy1cyNBJndu-JT_kzg9HRNasVm3twu-p4EqGUTY0EDLc05CptofJQDoMC8C4wwP86LETeTBdKQb&__tn__=%2As-R&paipv=0&eav=AfYIfbaQCNNMOREJSTq8F55PM87GKipwFUIqAD5vschVOLiFpWerTRhVBSb878bN6DY', 'text': '#intelvietnam'}, {'link': '/hashtag/iemsydney?refid=17&_ft_=encrypted_tracking_data.0AY_drWI40-iZcum_QwrI3rTc9vy6LEbMtPTvf8JtArdAwSZ4c-du_ZudDAAe1EIASb3WeYRqkmZTunLz0CzDvgcwOIVgK9mlbQUXvxN0gMrLTkBjHO4Wp1JvtsoJdfv_FiXKqoKO1aFVp6pXxwNFeuZZYXFwcctZdNjSgRJ9pQRsd2U5ZEkY6PzroXoIruGHYtLVuCUURJ4NYTtFPNoMz_8xJ4QnIzg8TfwXX3CiiyrPljMeBk25qfzd7ubwoX1DEEQrdLy6vLSOg5RO3eP9sLwFN2Ur6VJkyBGuYlVSCZIMzAbAFY_mfmBvQrID599-Vw_cAoVLYGtNNVldYXZo59SIT892IUb3jxVW_a1WQo7vIB0Z1lvLC85K3MWNsX7dz4d5ecH_thnOlJwX4i9ylO_k1HjGCgSnDeunIFhS5MF4hLoYU-wAbsgAHzqLWd7g0YdGPOanTq67rKJ1LTbSQdPCeZfDKuvMaiDsjGoInmXLkw8W5tIYB-uc5mX8uwsv5PMBwQ0uI24csZYGPF4DxTID2RtZ03yhNy-0uTEVt6vx932-1SVT4vZmJB7_-Md85vULb9QA48quwZ2o69K4XSXy7WU27XiW6JRlu7qNZz-zyMU3H3XzSOV5ZZHGxU8fSuMulRLlAb9tsEjUv_O_ADNW_u2AiVB9HjbSHGQt9hcGEDiJnV4155jZcxsFZ-UnBNJXFIJdQ2I8AvXs8Gvt9TH2kOZz7JBi_xFvBTCrcYBR35KNMaYEoofvXnGgo3whyk5FYCi_NdfVpolZEPzTJewRyWRIJ_hrbaLigDQbIJGadtmtgxp8P-mSlAynQmD7sK6dU9T0Ivul5Ol6rKh1PPxfHT1m7IkXFN2_rKI_2VaIYHn0cfQoZEdsQgtXb0zuST-9guTIcmWsuYYCVJkWJZfWoaxYI1tm6wViBeOnC6RpMluT2BvILrR6rWShdU07UAo3LDIZNEjmHrjsepA5R3hWzsPQsJYNVURa6SE7wrS-j1EXuNaMZQgYnMG4nzW4XR5bMjPGEtzGwC5EaDA2Cy6UQJ3jcNkh4AxBcMQixtkbq5nCb01nE0wRLqcrPQx4xQ3cnnVOj0puDa68ZHCQfWyJOd_xXW8k9ud2nPX04yEnwdVd6uQu0VzEkBsDZJ-dgbhW9RSujsYYb15k95XSfWg-AvXtsRDpmogzPhlWqgCtgYIAyG-2WxIqOIMgYC09mzT7ORL22MqqbHmMbMyPKpKVGFzo3nQiRbycOAEWwDNFWJwCPZ0W3hmCcIXSRLmDM6BmuREytMqM_HJCyd7r7PSE4P16Kfsaqy1QHuRrv1OQ7f6iZL5IOA2cct-dxUbJDmI82K3vII_MiFFbg0TP8EUNNBaPLmY_kVceysG2KnyQHomryI3rgQ2xKPy1cyNBJndu-JT_kzg9HRNasVm3twu-p4EqGUTY0EDLc05CptofJQDoMC8C4wwP86LETeTBdKQb&__tn__=%2As-R&paipv=0&eav=AfZyb8Rx_aR9Z404OrcXIx9ToBpAd5sf8YM0aM5L6JvT67RNXh0dNdp-_4GF-7ZdYPo', 'text': '#iemSydney'}, {'link': '/hashtag/gamingwithintel?refid=17&_ft_=encrypted_tracking_data.0AY_drWI40-iZcum_QwrI3rTc9vy6LEbMtPTvf8JtArdAwSZ4c-du_ZudDAAe1EIASb3WeYRqkmZTunLz0CzDvgcwOIVgK9mlbQUXvxN0gMrLTkBjHO4Wp1JvtsoJdfv_FiXKqoKO1aFVp6pXxwNFeuZZYXFwcctZdNjSgRJ9pQRsd2U5ZEkY6PzroXoIruGHYtLVuCUURJ4NYTtFPNoMz_8xJ4QnIzg8TfwXX3CiiyrPljMeBk25qfzd7ubwoX1DEEQrdLy6vLSOg5RO3eP9sLwFN2Ur6VJkyBGuYlVSCZIMzAbAFY_mfmBvQrID599-Vw_cAoVLYGtNNVldYXZo59SIT892IUb3jxVW_a1WQo7vIB0Z1lvLC85K3MWNsX7dz4d5ecH_thnOlJwX4i9ylO_k1HjGCgSnDeunIFhS5MF4hLoYU-wAbsgAHzqLWd7g0YdGPOanTq67rKJ1LTbSQdPCeZfDKuvMaiDsjGoInmXLkw8W5tIYB-uc5mX8uwsv5PMBwQ0uI24csZYGPF4DxTID2RtZ03yhNy-0uTEVt6vx932-1SVT4vZmJB7_-Md85vULb9QA48quwZ2o69K4XSXy7WU27XiW6JRlu7qNZz-zyMU3H3XzSOV5ZZHGxU8fSuMulRLlAb9tsEjUv_O_ADNW_u2AiVB9HjbSHGQt9hcGEDiJnV4155jZcxsFZ-UnBNJXFIJdQ2I8AvXs8Gvt9TH2kOZz7JBi_xFvBTCrcYBR35KNMaYEoofvXnGgo3whyk5FYCi_NdfVpolZEPzTJewRyWRIJ_hrbaLigDQbIJGadtmtgxp8P-mSlAynQmD7sK6dU9T0Ivul5Ol6rKh1PPxfHT1m7IkXFN2_rKI_2VaIYHn0cfQoZEdsQgtXb0zuST-9guTIcmWsuYYCVJkWJZfWoaxYI1tm6wViBeOnC6RpMluT2BvILrR6rWShdU07UAo3LDIZNEjmHrjsepA5R3hWzsPQsJYNVURa6SE7wrS-j1EXuNaMZQgYnMG4nzW4XR5bMjPGEtzGwC5EaDA2Cy6UQJ3jcNkh4AxBcMQixtkbq5nCb01nE0wRLqcrPQx4xQ3cnnVOj0puDa68ZHCQfWyJOd_xXW8k9ud2nPX04yEnwdVd6uQu0VzEkBsDZJ-dgbhW9RSujsYYb15k95XSfWg-AvXtsRDpmogzPhlWqgCtgYIAyG-2WxIqOIMgYC09mzT7ORL22MqqbHmMbMyPKpKVGFzo3nQiRbycOAEWwDNFWJwCPZ0W3hmCcIXSRLmDM6BmuREytMqM_HJCyd7r7PSE4P16Kfsaqy1QHuRrv1OQ7f6iZL5IOA2cct-dxUbJDmI82K3vII_MiFFbg0TP8EUNNBaPLmY_kVceysG2KnyQHomryI3rgQ2xKPy1cyNBJndu-JT_kzg9HRNasVm3twu-p4EqGUTY0EDLc05CptofJQDoMC8C4wwP86LETeTBdKQb&__tn__=%2As-R&paipv=0&eav=AfZ-P0cHP5ByCsi9s1OjRs4dEOjQEx3_a5-\\-\\OXP8Xez8eddcxXP82xXZjhNmZi8Fa1s', 'text': '#gamingwithIntel'}, {'link': '/story.php?story_fbid=pfbid02rSTUS6ANTWpxtr1qTQQkHBTDGssQJXohBueZC7hMg1dYhZjC6HhcxALjcVNahm7Al&id=100053597555231&eav=AfZsE1wWiD1CbAtnkVr-\\-\\tmhu1wht6HWRHEfEXVb9A8GisLBnY2FFBQC6fEBYSJnzl4&m_entstream_source=timeline&refid=17&_ft_=encrypted_tracking_data.0AY_drWI40-iZcum_QwrI3rTc9vy6LEbMtPTvf8JtArdAwSZ4c-du_ZudDAAe1EIASb3WeYRqkmZTunLz0CzDvgcwOIVgK9mlbQUXvxN0gMrLTkBjHO4Wp1JvtsoJdfv_FiXKqoKO1aFVp6pXxwNFeuZZYXFwcctZdNjSgRJ9pQRsd2U5ZEkY6PzroXoIruGHYtLVuCUURJ4NYTtFPNoMz_8xJ4QnIzg8TfwXX3CiiyrPljMeBk25qfzd7ubwoX1DEEQrdLy6vLSOg5RO3eP9sLwFN2Ur6VJkyBGuYlVSCZIMzAbAFY_mfmBvQrID599-Vw_cAoVLYGtNNVldYXZo59SIT892IUb3jxVW_a1WQo7vIB0Z1lvLC85K3MWNsX7dz4d5ecH_thnOlJwX4i9ylO_k1HjGCgSnDeunIFhS5MF4hLoYU-wAbsgAHzqLWd7g0YdGPOanTq67rKJ1LTbSQdPCeZfDKuvMaiDsjGoInmXLkw8W5tIYB-uc5mX8uwsv5PMBwQ0uI24csZYGPF4DxTID2RtZ03yhNy-0uTEVt6vx932-1SVT4vZmJB7_-Md85vULb9QA48quwZ2o69K4XSXy7WU27XiW6JRlu7qNZz-zyMU3H3XzSOV5ZZHGxU8fSuMulRLlAb9tsEjUv_O_ADNW_u2AiVB9HjbSHGQt9hcGEDiJnV4155jZcxsFZ-UnBNJXFIJdQ2I8AvXs8Gvt9TH2kOZz7JBi_xFvBTCrcYBR35KNMaYEoofvXnGgo3whyk5FYCi_NdfVpolZEPzTJewRyWRIJ_hrbaLigDQbIJGadtmtgxp8P-mSlAynQmD7sK6dU9T0Ivul5Ol6rKh1PPxfHT1m7IkXFN2_rKI_2VaIYHn0cfQoZEdsQgtXb0zuST-9guTIcmWsuYYCVJkWJZfWoaxYI1tm6wViBeOnC6RpMluT2BvILrR6rWShdU07UAo3LDIZNEjmHrjsepA5R3hWzsPQsJYNVURa6SE7wrS-j1EXuNaMZQgYnMG4nzW4XR5bMjPGEtzGwC5EaDA2Cy6UQJ3jcNkh4AxBcMQixtkbq5nCb01nE0wRLqcrPQx4xQ3cnnVOj0puDa68ZHCQfWyJOd_xXW8k9ud2nPX04yEnwdVd6uQu0VzEkBsDZJ-dgbhW9RSujsYYb15k95XSfWg-AvXtsRDpmogzPhlWqgCtgYIAyG-2WxIqOIMgYC09mzT7ORL22MqqbHmMbMyPKpKVGFzo3nQiRbycOAEWwDNFWJwCPZ0W3hmCcIXSRLmDM6BmuREytMqM_HJCyd7r7PSE4P16Kfsaqy1QHuRrv1OQ7f6iZL5IOA2cct-dxUbJDmI82K3vII_MiFFbg0TP8EUNNBaPLmY_kVceysG2KnyQHomryI3rgQ2xKPy1cyNBJndu-JT_kzg9HRNasVm3twu-p4EqGUTY0EDLc05CptofJQDoMC8C4wwP86LETeTBdKQb&__tn__=%2As%2As-R&paipv=0', 'text': ''}, {'link': 'https://m.facebook.com/photo.php?fbid=913264783803432&id=100053597555231&set=a.319516643178252&eav=AfYL8TUpnoD6uVMqOpZJZvuXhuPcnN4hjm6BoLvjcYSKfbiRJkZzERxItQ_o7lnf9pQ&paipv=0&source=48&refid=17&_ft_=encrypted_tracking_data.0AY_drWI40-iZcum_QwrI3rTc9vy6LEbMtPTvf8JtArdAwSZ4c-du_ZudDAAe1EIASb3WeYRqkmZTunLz0CzDvgcwOIVgK9mlbQUXvxN0gMrLTkBjHO4Wp1JvtsoJdfv_FiXKqoKO1aFVp6pXxwNFeuZZYXFwcctZdNjSgRJ9pQRsd2U5ZEkY6PzroXoIruGHYtLVuCUURJ4NYTtFPNoMz_8xJ4QnIzg8TfwXX3CiiyrPljMeBk25qfzd7ubwoX1DEEQrdLy6vLSOg5RO3eP9sLwFN2Ur6VJkyBGuYlVSCZIMzAbAFY_mfmBvQrID599-Vw_cAoVLYGtNNVldYXZo59SIT892IUb3jxVW_a1WQo7vIB0Z1lvLC85K3MWNsX7dz4d5ecH_thnOlJwX4i9ylO_k1HjGCgSnDeunIFhS5MF4hLoYU-wAbsgAHzqLWd7g0YdGPOanTq67rKJ1LTbSQdPCeZfDKuvMaiDsjGoInmXLkw8W5tIYB-uc5mX8uwsv5PMBwQ0uI24csZYGPF4DxTID2RtZ03yhNy-0uTEVt6vx932-1SVT4vZmJB7_-Md85vULb9QA48quwZ2o69K4XSXy7WU27XiW6JRlu7qNZz-zyMU3H3XzSOV5ZZHGxU8fSuMulRLlAb9tsEjUv_O_ADNW_u2AiVB9HjbSHGQt9hcGEDiJnV4155jZcxsFZ-UnBNJXFIJdQ2I8AvXs8Gvt9TH2kOZz7JBi_xFvBTCrcYBR35KNMaYEoofvXnGgo3whyk5FYCi_NdfVpolZEPzTJewRyWRIJ_hrbaLigDQbIJGadtmtgxp8P-mSlAynQmD7sK6dU9T0Ivul5Ol6rKh1PPxfHT1m7IkXFN2_rKI_2VaIYHn0cfQoZEdsQgtXb0zuST-9guTIcmWsuYYCVJkWJZfWoaxYI1tm6wViBeOnC6RpMluT2BvILrR6rWShdU07UAo3LDIZNEjmHrjsepA5R3hWzsPQsJYNVURa6SE7wrS-j1EXuNaMZQgYnMG4nzW4XR5bMjPGEtzGwC5EaDA2Cy6UQJ3jcNkh4AxBcMQixtkbq5nCb01nE0wRLqcrPQx4xQ3cnnVOj0puDa68ZHCQfWyJOd_xXW8k9ud2nPX04yEnwdVd6uQu0VzEkBsDZJ-dgbhW9RSujsYYb15k95XSfWg-AvXtsRDpmogzPhlWqgCtgYIAyG-2WxIqOIMgYC09mzT7ORL22MqqbHmMbMyPKpKVGFzo3nQiRbycOAEWwDNFWJwCPZ0W3hmCcIXSRLmDM6BmuREytMqM_HJCyd7r7PSE4P16Kfsaqy1QHuRrv1OQ7f6iZL5IOA2cct-dxUbJDmI82K3vII_MiFFbg0TP8EUNNBaPLmY_kVceysG2KnyQHomryI3rgQ2xKPy1cyNBJndu-JT_kzg9HRNasVm3twu-p4EqGUTY0EDLc05CptofJQDoMC8C4wwP86LETeTBdKQb&__tn__=EH-R', 'text': ''}]",100053597555231,TUI TÊN BÔ,https://facebook.com/TUITENBO1996?lst=61552988835975%3A100053597555231%3A1700216721&eav=AfaM4IHNWjv_js8gY40KLEcnJSAUaF-krzEJxQRglPNF8acGHoF67MlUik1W6JOaD40&refid=17&_ft_=encrypted_tracking_data.0AY_drWI40-iZcum_QwrI3rTc9vy6LEbMtPTvf8JtArdAwSZ4c-du_ZudDAAe1EIASb3WeYRqkmZTunLz0CzDvgcwOIVgK9mlbQUXvxN0gMrLTkBjHO4Wp1JvtsoJdfv_FiXKqoKO1aFVp6pXxwNFeuZZYXFwcctZdNjSgRJ9pQRsd2U5ZEkY6PzroXoIruGHYtLVuCUURJ4NYTtFPNoMz_8xJ4QnIzg8TfwXX3CiiyrPljMeBk25qfzd7ubwoX1DEEQrdLy6vLSOg5RO3eP9sLwFN2Ur6VJkyBGuYlVSCZIMzAbAFY_mfmBvQrID599-Vw_cAoVLYGtNNVldYXZo59SIT892IUb3jxVW_a1WQo7vIB0Z1lvLC85K3MWNsX7dz4d5ecH_thnOlJwX4i9ylO_k1HjGCgSnDeunIFhS5MF4hLoYU-wAbsgAHzqLWd7g0YdGPOanTq67rKJ1LTbSQdPCeZfDKuvMaiDsjGoInmXLkw8W5tIYB-uc5mX8uwsv5PMBwQ0uI24csZYGPF4DxTID2RtZ03yhNy-0uTEVt6vx932-1SVT4vZmJB7_-Md85vULb9QA48quwZ2o69K4XSXy7WU27XiW6JRlu7qNZz-zyMU3H3XzSOV5ZZHGxU8fSuMulRLlAb9tsEjUv_O_ADNW_u2AiVB9HjbSHGQt9hcGEDiJnV4155jZcxsFZ-UnBNJXFIJdQ2I8AvXs8Gvt9TH2kOZz7JBi_xFvBTCrcYBR35KNMaYEoofvXnGgo3whyk5FYCi_NdfVpolZEPzTJewRyWRIJ_hrbaLigDQbIJGadtmtgxp8P-mSlAynQmD7sK6dU9T0Ivul5Ol6rKh1PPxfHT1m7IkXFN2_rKI_2VaIYHn0cfQoZEdsQgtXb0zuST-9guTIcmWsuYYCVJkWJZfWoaxYI1tm6wViBeOnC6RpMluT2BvILrR6rWShdU07UAo3LDIZNEjmHrjsepA5R3hWzsPQsJYNVURa6SE7wrS-j1EXuNaMZQgYnMG4nzW4XR5bMjPGEtzGwC5EaDA2Cy6UQJ3jcNkh4AxBcMQixtkbq5nCb01nE0wRLqcrPQx4xQ3cnnVOj0puDa68ZHCQfWyJOd_xXW8k9ud2nPX04yEnwdVd6uQu0VzEkBsDZJ-dgbhW9RSujsYYb15k95XSfWg-AvXtsRDpmogzPhlWqgCtgYIAyG-2WxIqOIMgYC09mzT7ORL22MqqbHmMbMyPKpKVGFzo3nQiRbycOAEWwDNFWJwCPZ0W3hmCcIXSRLmDM6BmuREytMqM_HJCyd7r7PSE4P16Kfsaqy1QHuRrv1OQ7f6iZL5IOA2cct-dxUbJDmI82K3vII_MiFFbg0TP8EUNNBaPLmY_kVceysG2KnyQHomryI3rgQ2xKPy1cyNBJndu-JT_kzg9HRNasVm3twu-p4EqGUTY0EDLc05CptofJQDoMC8C4wwP86LETeTBdKQb&__tn__=C-R&paipv=0,False,,,,,,,True,[],,,,0,,109094984201127,,913264783803432,['913264783803432'],False
